scenario,vehicles_arrived,vkt_km,mean_trip_speed_kmh,space_time_speed_kmh,mean_duration_min,mean_waiting_s,mean_stops,mean_time_loss_s,mean_depart_delay_s,CO2_kg,CO_kg,HC_kg,PMx_kg,NOx_kg,fuel_kg,electricity_kWh,CO2_g_per_vkm,n_passenger,passenger_mean_duration_s,passenger_mean_waiting_s,passenger_mean_time_loss_s,passenger_mean_depart_delay_s,passenger_mean_stops,n_truck,truck_mean_duration_s,truck_mean_waiting_s,truck_mean_time_loss_s,truck_mean_depart_delay_s,truck_mean_stops,n_bus,bus_mean_duration_s,bus_mean_waiting_s,bus_mean_time_loss_s,bus_mean_depart_delay_s,bus_mean_stops,n_bicycle,bicycle_mean_duration_s,bicycle_mean_waiting_s,bicycle_mean_time_loss_s,bicycle_mean_depart_delay_s,bicycle_mean_stops,n_motorcycle,motorcycle_mean_duration_s,motorcycle_mean_waiting_s,motorcycle_mean_time_loss_s,motorcycle_mean_depart_delay_s,motorcycle_mean_stops,n_other,vehicles_loaded,vehicles_inserted,vehicles_running,vehicles_waiting,teleports_total,teleports_jam,teleports_yield,teleports_wrongLane,safety_collisions,safety_emergencyStops,safety_emergencyBraking,persons_loaded,persons_running,persons_jammed,person_teleports_total,person_teleports_abortWait,person_teleports_wrongDest,pedestrian_crossing_arrived,pedestrian_crossing_mean_duration_s,pedestrian_crossing_mean_waiting_s,pedestrian_crossing_mean_time_loss_s,pedestrian_crossing_waited_pct,pedestrian_frontage_arrived,pedestrian_frontage_mean_duration_s,pedestrian_frontage_mean_waiting_s,pedestrian_frontage_mean_time_loss_s,pedestrian_frontage_waited_pct,frontage_car_pos_count,frontage_car_neg_count,frontage_car_count,frontage_car_mean_speed_kmh,frontage_large_pos_count,frontage_large_neg_count,frontage_large_count,frontage_large_mean_speed_kmh,frontage_bicycle_pos_count,frontage_bicycle_neg_count,frontage_bicycle_count,frontage_bicycle_mean_speed_kmh,frontage_motorcycle_pos_count,frontage_motorcycle_neg_count,frontage_motorcycle_count,frontage_motorcycle_mean_speed_kmh,frontage_two_wheeler_combined_pos_count,frontage_two_wheeler_combined_neg_count,frontage_two_wheeler_combined_count,frontage_two_wheeler_combined_mean_speed_kmh,frontage_motorized_count,frontage_motorized_mean_speed_kmh,frontage_fcd_motorized_passages,frontage_fcd_motorized_mean_speed_kmh,frontage_fcd_motorized_p50_speed_kmh,frontage_fcd_motorized_p85_speed_kmh,frontage_fcd_motorized_over_20_pct,frontage_fcd_motorized_over_30_pct,frontage_fcd_motorized_over_36_pct,frontage_fcd_motorized_approach_slow_passages,frontage_fcd_motorized_approach_stop_passages,frontage_fcd_motorized_approach_hard_braking_passages,frontage_fcd_motorized_approach_slow_pct,frontage_fcd_bicycle_approach_slow_passages,frontage_fcd_bicycle_approach_stop_passages,frontage_fcd_bicycle_approach_hard_braking_passages,frontage_fcd_passenger_passages,frontage_fcd_passenger_mean_speed_kmh,frontage_fcd_truck_passages,frontage_fcd_truck_mean_speed_kmh,frontage_fcd_bus_passages,frontage_fcd_bus_mean_speed_kmh,frontage_fcd_motorcycle_passages,frontage_fcd_motorcycle_mean_speed_kmh,frontage_fcd_bicycle_passages,frontage_fcd_bicycle_mean_speed_kmh,frontage_spot_motorized_passages,frontage_spot_motorized_mean_speed_kmh,frontage_spot_motorized_p50_speed_kmh,frontage_spot_motorized_p85_speed_kmh,frontage_spot_motorized_over_30_pct,frontage_spot_motorized_over_36_pct,ssm_raw_records,ssm_deduplicated_encounters,ssm_vulnerable_mode_encounters,ssm_ttc_under_3_count,ssm_ttc_under_1_5_count,ssm_min_ttc_s,ssm_pet_under_2_count,ssm_pet_under_1_5_count,ssm_min_pet_s,collision_output_total,collision_output_intermodal,collision_output_school_zone,collision_output_intermodal_passenger,collision_output_intermodal_truck,collision_output_intermodal_bus,collision_output_intermodal_motorcycle,collision_output_intermodal_bicycle,ssm_encounters_per_1000_motorized_passages,seed,canonical
current,9365,2745.3389599997395,27.715645701936126,20.378824178563974,0.863098416088272,12.760597971169247,0.13187399893219434,21.074147357180987,9.637907100907633,881.75351184,1.2941737199999996,0.22937537000000027,0.12720035999999954,0.22217072,284.59638246000117,36.01047,321.18201966582797,7597,47.43227589838094,12.24378043964723,20.866592075819348,10.534553113070956,0.12044227984730815,696,50.88074712643678,15.635057471264368,24.700258620689645,6.675287356321839,0.1752873563218391,107,203.93457943925233,0.5607476635514018,6.271682242990657,0.32710280373831774,0.18691588785046728,755,74.93112582781457,16.340397350993378,20.978794701986747,5.158013245033112,0.19337748344370861,210,51.54761904761905,15.276190476190477,24.449761904761903,7.870000000000003,0.1523809523809524,0,9365,9365,0,0,0,0,0,0,0,0,0,1528,0,0,0,0,0,0,0.0,0.0,0.0,0.0,1528,62.80890052356021,0.0,6.658167539267011,0.0,3798,3799,7597,32.578758457285765,401,402,803,32.258420921544214,376,379,755,18.67293774834437,105,105,210,31.506,481,484,965,21.465475647668395,8610,32.52271777003484,8610,31.176152103003773,32.408500000000004,40.509835714285714,89.11730545876887,61.393728222996515,33.18234610917538,517,459,1160,6.004645760743322,28,24,18,7597,31.720898131319974,696,30.107219234482937,107,1.9364335782232684,210,29.91039772930779,755,18.236232578390407,8610,32.635484320557495,33.12,41.04,65.60975609756098,35.551684088269454,4940,2739,1377,2735,1490,0.0,0,0,inf,0,0,0,0,0,0,0,0,318.1184668989547,42,yes
current,9365,2745.3389599997395,28.101989952870746,20.526069284062718,0.8569069229400249,12.845808862786972,0.13272824345969034,20.846153764014986,9.666737853710623,878.2741969600017,1.2926218800000011,0.22517688999999924,0.12741723999999993,0.22230357999999972,283.47108997000004,35.12979000000003,319.9146661875534,7597,47.03448729761748,12.348953534289851,20.629626168224355,10.574305646965918,0.12070554166118204,696,50.87931034482759,15.910919540229886,24.61149425287353,6.501436781609194,0.17959770114942528,107,203.79439252336448,0.5233644859813084,6.112897196261682,0.40186915887850466,0.16822429906542055,755,74.59867549668874,16.05960264900662,20.71619867549668,5.28251655629139,0.2,210,50.642857142857146,15.385714285714286,24.174047619047627,7.808095238095239,0.1523809523809524,0,9365,9365,0,0,0,0,0,0,0,0,0,1528,0,0,0,0,0,0,0.0,0.0,0.0,0.0,1528,62.44437172774869,0.0,6.644535340314126,0.0,3798,3799,7597,32.97051257075161,401,402,803,32.24658530510585,376,379,755,18.709462251655626,105,105,210,32.012571428571434,481,484,965,21.605483937823834,8610,32.87963205574913,8610,31.55448924921189,32.8896,40.85055,88.69918699186992,63.69337979094077,35.33101045296167,508,457,1039,5.900116144018583,23,23,11,7597,32.11071383322751,696,30.235117940411985,107,1.928378481466642,210,30.900385050673187,755,18.30696406596698,8610,32.94457003484321,33.480000000000004,41.364000000000004,67.36353077816493,37.21254355400697,,,,,,,,,,0,0,0,0,0,0,0,0,0.0,43,no
current,9365,2745.33895999974,28.00019748898821,20.568445332399033,0.8551414842498666,12.7601708489055,0.13198077949813133,20.64969140416441,9.515323011211958,876.3737540099994,1.2829125599999953,0.2239843600000003,0.12699919,0.22196495999999918,282.85245051999914,35.727699999999984,319.22242272410773,7597,46.85494274055548,12.233118336185337,20.36213636961954,10.44504409635383,0.12017901803343425,696,50.935344827586206,15.922413793103448,24.76393678160921,6.186781609195402,0.1810344827586207,107,203.7570093457944,0.4485981308411215,5.847943925233644,0.35514018691588783,0.14953271028037382,755,75.09933774834437,16.40794701986755,21.049271523178795,4.761986754966887,0.2,210,50.44761904761905,14.504761904761905,23.521809523809523,8.670000000000002,0.14285714285714285,0,9365,9365,0,0,0,0,0,0,0,0,0,1528,0,0,0,0,0,0,0.0,0.0,0.0,0.0,1528,62.295811518324605,0.0,6.607356020942409,0.0,3798,3799,7597,32.84132578649467,401,402,803,32.08438356164385,376,379,755,18.7550463576159,105,105,210,31.13142857142857,481,484,965,21.447792746113993,8610,32.729025783972126,8610,31.44720786623322,32.7998,40.4415,89.65156794425087,63.5191637630662,33.62369337979094,484,452,1129,5.62137049941928,25,24,14,7597,32.033024135136365,696,30.065611280031334,107,1.9191225777194632,210,29.878875271044212,755,18.278532091910108,8610,32.882947735191635,33.480000000000004,41.06339999999999,67.35191637630662,36.35307781649245,,,,,,,,,,0,0,0,0,0,0,0,0,0.0,44,no
current,9365,2745.33895999974,28.03010308226724,20.539762572866557,0.8563356469122619,12.690977042178323,0.12973838761345435,20.686172984516805,9.73699946609717,874.2678087299969,1.2818597000000038,0.2250631899999997,0.12753154000000008,0.22126228000000095,282.17392838999996,36.018230000000024,318.4553242671643,7597,46.928656048440175,12.12083717256812,20.40934711070157,10.662103461892858,0.11820455442938002,696,51.37643678160919,16.17528735632184,24.996293103448266,6.389367816091953,0.1824712643678161,107,204.0,0.4392523364485981,6.13803738317757,0.3925233644859813,0.11214953271028037,755,74.8317880794702,16.233112582781455,20.813629139072862,5.380529801324504,0.19205298013245034,210,50.352380952380955,15.276190476190477,23.37009523809522,7.78904761904762,0.15714285714285714,0,9365,9365,0,0,0,0,0,0,0,0,0,1528,0,0,0,0,0,0,0.0,0.0,0.0,0.0,1528,62.386780104712045,0.0,6.635464659685871,0.0,3798,3799,7597,32.74540002632618,401,402,803,31.903442092154425,376,379,755,18.679708609271522,105,105,210,32.50937142857143,481,484,965,21.688974093264253,8610,32.66111916376307,8610,31.41003147305879,32.754149999999996,40.603275,88.79210220673636,63.774680603948894,33.937282229965156,487,454,1043,5.656213704994193,24,24,12,7597,31.965524452847653,696,29.988673020663988,107,1.9309758931780017,210,31.045480341906387,755,18.253033502729107,8610,32.76536027874564,33.336,41.076,67.11962833914053,36.329849012775846,,,,,,,,,,0,0,0,0,0,0,0,0,0.0,45,no
current,9365,2745.3389599997395,27.84634287519058,20.418695315145122,0.8614130628225662,12.792845702082221,0.13432995194874534,21.068356647090134,9.626161238654564,879.7586883500032,1.2945031299999994,0.22489945999999963,0.12697148999999966,0.2219540299999998,283.9517534000008,36.565810000000006,320.45539773714745,7597,47.298802158746874,12.258259839410293,20.851846781624257,10.609977622745827,0.12162695800974069,696,50.85057471264368,15.699712643678161,24.687571839080444,6.353448275862069,0.1781609195402299,107,204.05607476635515,0.5700934579439252,6.022242990654205,0.34579439252336447,0.205607476635514,755,75.40529801324503,16.515231788079472,21.359894039735092,4.569933774834437,0.20662251655629138,210,50.2,15.342857142857143,23.523952380952384,7.78904761904762,0.1523809523809524,0,9365,9365,0,0,0,0,0,0,0,0,0,1528,0,0,0,0,0,0,0.0,0.0,0.0,0.0,1528,62.35471204188482,0.0,6.611897905759169,0.0,3798,3799,7597,32.56563222324602,401,402,803,31.96732752179328,376,379,755,18.7101298013245,105,105,210,32.227714285714285,481,484,965,21.649616580310877,8610,32.50159024390244,8610,31.195596015550905,32.7354,40.4055,88.06039488966319,62.81068524970964,33.426248548199766,522,462,1156,6.062717770034843,26,25,19,7597,31.708812723457513,696,30.144848338322266,107,1.9258693670387843,210,31.025471276386327,755,18.166010019690198,8610,32.608147735191636,33.264,40.86,66.02787456445994,36.24854819976771,,,,,,,,,,0,0,0,0,0,0,0,0,0.0,46,no
A_OBS,9365,2745.33895999974,31.84973090121433,28.939090343698034,0.6077914219612031,0.0076882007474639615,0.004591564335290977,5.765644420715408,0.7210891617725576,689.3974010900013,0.9880946599999999,0.13970000000000027,0.10728410000000015,0.20807243999999953,222.45781059999874,29.496149999999982,251.11558577454002,7597,32.43095958931157,0.002632618138738976,5.869719626168197,0.7243648808740294,0.0023693563248650784,696,32.66235632183908,0.0,6.4741810344827595,0.8965517241379305,0.0,107,206.28971962616822,0.48598130841121495,9.205607476635514,0.29906542056074764,0.2336448598130841,755,57.19735099337748,0.0,3.2557218543046353,0.5580132450331127,0.0,210,34.04761904761905,0.0,6.923333333333329,0.8223809523809523,0.0,0,9365,9365,0,0,0,0,0,0,0,0,0,1528,0,0,0,0,0,0,0.0,0.0,0.0,0.0,1528,62.82853403141361,0.0,6.677801047120414,0.0,3798,3799,7597,34.95743109122021,401,402,803,35.41624408468244,376,379,755,18.909488741721855,105,105,210,33.07748571428572,481,484,965,21.992866321243525,8610,34.95436933797909,8610,34.870110120607436,35.3385,42.0897,96.2369337979094,77.49128919860627,46.20209059233449,29,10,416,0.33681765389082463,0,0,1,7597,34.87828496544826,696,35.338389391080035,107,36.03731561849366,210,32.42764508832904,755,18.873643529972696,8610,35.10835818815332,35.64,42.552,78.3739837398374,47.688734030197445,2670,1477,1163,1474,999,0.0,0,0,inf,0,0,0,0,0,0,0,0,171.54471544715446,42,yes
A_OBS,9365,2745.33895999974,32.21278669240848,29.25223983756405,0.601284926143442,0.006620395088093967,0.0035237586759209825,5.526517885744783,0.7324079017618794,686.0687069699989,0.988107360000002,0.1365680200000002,0.10712898000000019,0.20808875000000088,221.38159390999908,29.27493,249.90309647230728,7597,32.01763854152955,0.0021060945109911806,5.619682769514277,0.7350269843359217,0.001974463604054232,696,32.366379310344826,0.0,6.0857183908045975,0.8879310344827585,0.0,107,206.09345794392524,0.411214953271028,9.381308411214953,0.3925233644859813,0.14953271028037382,755,57.133774834437084,0.0013245033112582781,3.2725165562913894,0.5725827814569536,0.0013245033112582781,210,32.9,0.004761904761904762,6.442380952380953,0.87,0.004761904761904762,0,9365,9365,0,0,0,0,0,0,0,0,0,1528,0,0,0,0,0,0,0.0,0.0,0.0,0.0,1528,62.44698952879581,0.0,6.647153141361246,0.0,3798,3799,7597,35.360596024746606,401,402,803,35.452199252802,376,379,755,18.9441536423841,105,105,210,33.4728,481,484,965,22.105380310880832,8610,35.32309547038327,8610,35.24163830347984,35.76075,42.21771428571429,96.34146341463415,79.7560975609756,48.52497096399535,15,7,364,0.17421602787456447,1,0,0,7597,35.27625518331078,696,35.3789184697867,107,35.807074710171634,210,33.246242458997585,755,18.901921715943313,8610,35.458034843205574,36.072,42.66,79.82578397212544,50.32520325203252,,,,,,,,,,0,0,0,0,0,0,0,0,0.0,43,no
A_OBS,9365,2745.33895999974,31.94107011931087,29.029105578055113,0.605906744972415,0.008435664709022957,0.004805125467164976,5.707950880939661,0.7342231713828085,689.8684893199966,0.9850099500000029,0.1384802999999998,0.10723488999999989,0.20828121000000063,222.60592629999996,29.309349999999995,251.28718142697466,7597,32.28537580623931,0.00329077267342372,5.793515861524286,0.7339739370804262,0.002632618138738976,696,32.564655172413794,0.007183908045977011,6.364439655172412,0.9181034482758621,0.0028735632183908046,107,206.38317757009347,0.4485981308411215,9.543271028037383,0.34579439252336447,0.205607476635514,755,57.370860927152314,0.0013245033112582781,3.3342649006622533,0.5950993377483443,0.0013245033112582781,210,33.923809523809524,0.0,7.01652380952381,0.8319047619047618,0.0,0,9365,9365,0,0,0,0,0,0,0,0,0,1528,0,0,0,0,0,0,0.0,0.0,0.0,0.0,1528,62.29777486910995,0.0,6.609319371727749,0.0,3798,3799,7597,35.10237409503752,401,402,803,35.33079452054794,376,379,755,18.830384105960267,105,105,210,32.503885714285715,481,484,965,21.806524352331607,8610,35.06029965156795,8610,34.97179823922169,35.46625,42.09762857142857,96.00464576074332,78.47851335656213,46.53890824622532,34,12,403,0.3948896631823461,0,0,0,7597,35.01653235437535,696,35.159480629427755,107,36.031168335924654,210,32.191681016588454,755,18.84597966417854,8610,35.2010968641115,35.712,42.443999999999996,79.4773519163763,48.292682926829265,,,,,,,,,,0,0,0,0,0,0,0,0,0.0,44,no
A_OBS,9365,2745.33895999974,32.079171611184464,29.140460363603587,0.6035913863676811,0.006620395088093967,0.0035237586759209825,5.542321409503488,0.7348638547784304,685.3905915999989,0.9831337399999979,0.13513517000000033,0.10718984999999977,0.20726454000000022,221.1605631799995,29.340979999999995,249.65609040861887,7597,32.13544820323812,0.0010530472554955903,5.6246070817428215,0.7330525207318674,0.0010530472554955903,696,32.66235632183908,0.0,6.277715517241381,0.8764367816091954,0.0,107,206.58878504672896,0.5046728971962616,9.902616822429907,0.42990654205607476,0.2336448598130841,755,57.317880794701985,0.0,3.301602649006623,0.6282119205298013,0.0,210,32.91428571428571,0.0,5.962476190476189,0.87,0.0,0,9365,9365,0,0,0,0,0,0,0,0,0,1528,0,0,0,0,0,0,0.0,0.0,0.0,0.0,1528,62.38350785340314,0.0,6.63219240837697,0.0,3798,3799,7597,35.193011451888914,401,402,803,35.01338480697385,376,379,755,18.823803973509932,105,105,210,34.11137142857143,481,484,965,22.15104248704663,8610,35.14987735191639,8610,35.090163922361604,35.6295,41.994771428571426,96.26016260162602,79.38443670150987,47.642276422764226,13,0,366,0.15098722415795587,0,0,0,7597,35.138219004685084,696,35.0740050662135,107,34.673312196430345,210,33.6176650563722,755,18.843488096438826,8610,35.325838327526135,35.892,42.552,79.84901277584204,49.29152148664344,,,,,,,,,,0,0,0,0,0,0,0,0,0.0,45,no
A_OBS,9365,2745.33895999974,32.063198208452334,29.12217088672593,0.6039704573767574,0.008862786972770955,0.005018686599038975,5.637166043780037,0.7288841430859585,684.9770469599989,0.9840253499999992,0.13482455000000035,0.1070740399999997,0.2075376700000006,221.02958610000016,29.007470000000026,249.50545522439378,7597,32.18323022245623,0.004738712649730157,5.7390680531788805,0.7312096880347503,0.0036856653942345663,696,32.50431034482759,0.0,6.352600574712646,0.8807471264367814,0.0,107,205.80373831775702,0.4205607476635514,8.909813084112152,0.29906542056074764,0.16822429906542055,755,57.40662251655629,0.0,3.3526887417218565,0.5845033112582781,0.0,210,32.804761904761904,0.009523809523809525,6.125333333333327,0.8795238095238095,0.004761904761904762,0,9365,9365,0,0,0,0,0,0,0,0,0,1528,0,0,0,0,0,0,0.0,0.0,0.0,0.0,1528,62.33442408376963,0.0,6.591609947643985,0.0,3798,3799,7597,35.1411746742135,401,402,803,35.24180323785803,376,379,755,18.870675496688744,105,105,210,33.70097142857143,481,484,965,22.09799378238342,8610,35.11543275261323,8610,35.0290403263279,35.55,41.988375,96.12078977932636,79.23344947735191,47.142857142857146,34,14,384,0.3948896631823461,1,0,1,7597,35.043446933325036,696,35.23133782057259,107,35.584057008952676,210,33.55459825779263,755,18.822483099004394,8610,35.25575331010453,35.874,42.408,79.7560975609756,49.03600464576074,,,,,,,,,,0,0,0,0,0,0,0,0,0.0,46,no
A_DR15,8080,2372.2173099998836,32.09354897524444,28.819162136805524,0.6112417491749175,0.006683168316831683,0.0033415841584158415,5.295315594059409,0.6789059405940598,594.2417444700011,0.837449849999998,0.11481998000000015,0.09594594000000015,0.18991775999999982,191.72370059999926,24.923570000000016,250.5005515156747,6452,31.898791072535648,0.0010849349039057656,5.332980471171719,0.6924225046497207,0.0010849349039057656,588,32.566326530612244,0.0,6.261360544217684,0.7534523809523809,0.0,107,206.57943925233644,0.4392523364485981,10.244579439252336,0.29906542056074764,0.18691588785046728,755,57.58278145695364,0.0,3.312688741721851,0.5354966887417221,0.0,178,32.53370786516854,0.0,6.17320224719101,0.7793258426966291,0.0,0,8080,8080,0,0,0,0,0,0,0,0,0,1528,0,0,0,0,0,0,0.0,0.0,0.0,0.0,1528,62.63416230366492,0.0,6.641799738219885,0.0,3226,3226,6452,35.61425542467452,349,346,695,35.23332949640288,376,379,755,18.79896158940397,89,89,178,34.59458426966293,465,468,933,21.81071382636657,7325,35.55333460750853,7325,35.46370803585031,36.027,42.47142857142857,96.45051194539249,80.57337883959045,50.15699658703072,12,1,268,0.16382252559726962,0,0,0,6452,35.52652310982313,588,35.22635484020466,107,34.99126860519186,178,34.254898152970625,755,18.76525200227107,7325,35.63605351535836,36.216,42.876000000000005,81.09215017064847,51.16723549488054,2132,1184,974,1181,827,0.0,0,0,inf,0,0,0,0,0,0,0,0,161.63822525597269,42,yes
A_DR15,8080,2372.2173099998836,32.39792626104372,29.121253498648212,0.6049009900990099,0.008168316831683169,0.004455445544554455,5.106250000000001,0.6844752475247525,591.462967970002,0.8306380000000021,0.1129369899999996,0.09577418000000038,0.19004467000000022,190.82752505999932,24.68440999999999,249.32916789568108,6452,31.521853688778673,0.002789832610043397,5.145731556106643,0.6976921884686912,0.0024798512089274642,588,32.44387755102041,0.0,6.120459183673471,0.7483503401360543,0.0,107,205.6822429906542,0.411214953271028,8.526168224299067,0.29906542056074764,0.14953271028037382,755,56.908609271523176,0.003973509933774834,3.2556158940397397,0.5606622516556291,0.003973509933774834,178,32.73033707865169,0.0056179775280898875,6.1186516853932575,0.7512359550561796,0.0056179775280898875,0,8080,8080,0,0,0,0,0,0,0,0,0,1528,0,0,0,0,0,0,0.0,0.0,0.0,0.0,1528,62.464005235602095,0.0,6.642342931937169,0.0,3226,3226,6452,35.98105703657781,349,346,695,35.4892143884892,376,379,755,19.03417748344371,89,89,178,34.189280898876405,465,468,933,21.925234726688103,7325,35.89084996587031,7325,35.84015668698062,36.324,42.8013,96.95563139931741,82.25255972696246,52.532423208191126,24,9,248,0.32764505119453924,0,0,0,6452,35.93616838433995,588,35.31529098427609,107,36.53851277913661,178,33.67403005758287,755,18.99117907427722,7325,36.03309542662116,36.468,43.2,82.44368600682594,52.9283276450512,,,,,,,,,,0,0,0,0,0,0,0,0,0.0,43,no
A_DR15,8080,2372.2173099998836,32.331113431999825,29.085548185383566,0.6056435643564356,0.007549504950495049,0.004207920792079208,5.051879950495047,0.6858366336633666,591.7623765899989,0.8266019499999989,0.11544136999999972,0.0957739399999998,0.1899937699999999,190.92347019,24.187299999999972,249.45538256359316,6452,31.57625542467452,0.0017048977061376318,5.072083075015495,0.700482021078735,0.0017048977061376318,588,32.154761904761905,0.0,6.0658503401360555,0.729642857142857,0.0,107,205.86915887850466,0.45794392523364486,8.914205607476639,0.2803738317757009,0.205607476635514,755,56.99337748344371,0.0013245033112582781,3.2462384105960287,0.564635761589404,0.0013245033112582781,178,33.264044943820224,0.0,6.307078651685391,0.7680898876404493,0.0,0,8080,8080,0,0,0,0,0,0,0,0,0,1528,0,0,0,0,0,0,0.0,0.0,0.0,0.0,1528,62.53861256544503,0.0,6.62770942408377,0.0,3226,3226,6452,35.86901177929325,349,346,695,35.870762589928056,376,379,755,19.01643973509934,89,89,178,33.246,465,468,933,21.730726688102898,7325,35.80543781569967,7325,35.744507830521606,36.126000000000005,42.618857142857145,96.91467576791808,82.1433447098976,50.73037542662116,16,3,212,0.21843003412969283,0,0,0,6452,35.806330994064034,588,35.73557092860279,107,36.42296621724099,178,33.12527636857524,755,18.964629586006986,7325,35.9143961774744,36.36,43.019999999999996,82.04778156996586,52.0,,,,,,,,,,0,0,0,0,0,0,0,0,0.0,44,no
A_DR15,8080,2372.2173099998836,32.30613484406839,29.018244548872676,0.6070482673267327,0.007797029702970297,0.0039603960396039604,5.139101485148492,0.6865792079207919,592.1305261600012,0.8328096700000015,0.11197418000000015,0.09607378000000016,0.1898125099999998,191.04172832000023,24.456780000000006,249.61057474116072,6452,31.626627402355858,0.0023248605083694977,5.175060446373215,0.6997070675759454,0.0020148791072535648,588,32.697278911564624,0.0,6.254642857142858,0.7534523809523809,0.0,107,206.73831775700936,0.4485981308411215,9.11654205607477,0.19626168224299065,0.17757009345794392,755,57.21854304635762,0.0,3.289205298013244,0.5686092715231789,0.0,178,31.99438202247191,0.0,5.606179775280899,0.784943820224719,0.0,0,8080,8080,0,0,0,0,0,0,0,0,0,1528,0,0,0,0,0,0,0.0,0.0,0.0,0.0,1528,62.850130890052355,0.0,6.67148560209425,0.0,3226,3226,6452,35.90702603843769,349,346,695,35.20898417266188,376,379,755,18.98215629139073,89,89,178,34.65950561797753,465,468,933,21.973967845659164,7325,35.81048027303754,7325,35.73721998531096,36.3105,42.597,96.61433447098976,82.17064846416382,51.83617747440273,14,6,244,0.19112627986348124,1,0,0,6452,35.835265539884396,588,35.05782525461082,107,35.73706208108896,178,34.427731666747,755,18.90457323096168,7325,35.92046580204779,36.431999999999995,42.948,82.1433447098976,52.54607508532423,,,,,,,,,,0,0,0,0,0,0,0,0,0.0,45,no
A_DR15,8080,2372.217309999883,32.29824376371069,29.0462745388795,0.6064624587458746,0.007054455445544555,0.0032178217821782176,5.121434405940582,0.684351485148515,591.1445536599991,0.8343462299999995,0.11113652000000002,0.09581009000000018,0.1900917500000008,190.72522799000018,24.587689999999988,249.19494144490002,6452,31.615468071915686,0.0023248605083694977,5.145840049597034,0.6986221326720391,0.0017048977061376318,588,32.3078231292517,0.0,6.34462585034014,0.763656462585034,0.0,107,206.17757009345794,0.3925233644859813,8.79700934579439,0.27102803738317754,0.14018691588785046,755,57.31390728476821,0.0,3.303112582781461,0.5394701986754967,0.0,178,32.02247191011236,0.0,5.699213483146067,0.7680898876404493,0.0,0,8080,8080,0,0,0,0,0,0,0,0,0,1528,0,0,0,0,0,0,0.0,0.0,0.0,0.0,1528,62.44437172774869,0.0,6.617179319371735,0.0,3226,3226,6452,35.8531934283943,349,346,695,35.53215539568345,376,379,755,18.86066225165563,89,89,178,34.6445393258427,465,468,933,21.872257234726685,7325,35.793362457337885,7325,35.68307840364623,36.104,42.41897142857143,96.73720136518772,82.3617747440273,50.77133105802048,16,4,225,0.21843003412969283,0,0,0,6452,35.74150774487372,588,35.423365543069586,107,35.7556753298653,178,34.379467062712564,755,18.883421973097757,7325,35.9032300341297,36.324,42.876000000000005,82.63481228668942,51.83617747440273,,,,,,,,,,0,0,0,0,0,0,0,0,0.0,46,no
A_DR30,6820,2006.3282799999927,32.17592647549839,28.48515677760546,0.6196554252199413,0.008211143695014663,0.004105571847507331,4.88225806451615,0.646043988269795,505.2197754199989,0.6862801199999978,0.09280659000000004,0.08523513999999996,0.17374021999999945,162.9683147000005,19.424250000000004,251.81311575790616,5315,31.420696142991535,0.0016933207902163688,4.861507055503326,0.6626585136406391,0.0016933207902163688,495,32.75151515151515,0.0,6.408787878787879,0.745979797979798,0.0,107,206.29906542056074,0.4392523364485981,9.027757009345798,0.22429906542056074,0.17757009345794392,755,57.66754966887417,0.0,3.290291390728476,0.5182781456953641,0.0,148,32.00675675675676,0.0,5.645945945945945,0.6718243243243243,0.0,0,6820,6820,0,0,0,0,0,0,0,0,0,1528,0,0,0,0,0,0,0.0,0.0,0.0,0.0,1528,62.64725130890052,0.0,6.648678010471208,0.0,2658,2657,5315,36.18180169332079,300,302,602,35.40037873754153,376,379,755,18.796911258278143,73,75,148,34.26008108108108,449,454,903,21.331574750830566,6065,36.05734476504534,6065,36.00667770205989,36.585,43.063199999999995,96.6199505358615,82.24237427864799,53.20692497938994,3,1,164,0.0494641384995878,0,0,0,5315,36.12023755870778,495,35.27731981044822,107,36.29979972757921,148,34.155984874584874,755,18.75640361502471,6065,36.14440362737016,36.792,43.488,82.14344600164881,54.16323165704864,1705,957,812,957,677,0.0,0,0,inf,0,0,0,0,0,0,0,0,157.79060181368507,42,yes
A_DR30,6820,2006.3282799999927,32.574828735364285,28.86584075549808,0.6114833822091886,0.008944281524926686,0.004838709677419355,4.662728739002958,0.6426715542521995,503.4304215699997,0.68385193,0.09508853999999997,0.08532200999999998,0.1739098000000002,162.39250891999967,19.98138999999999,250.92126078689452,5315,30.915333960489182,0.0018814675446848542,4.614112888052692,0.6626585136406389,0.0016933207902163688,495,32.42424242424242,0.0,6.089797979797979,0.6793131313131312,0.0,107,206.06542056074767,0.4672897196261682,9.00822429906542,0.24299065420560748,0.21495327102803738,755,56.92450331125828,0.0013245033112582781,3.202357615894038,0.535496688741722,0.0013245033112582781,148,32.61486486486486,0.0,5.943851351351353,0.6380405405405405,0.0,0,6820,6820,0,0,0,0,0,0,0,0,0,1528,0,0,0,0,0,0,0.0,0.0,0.0,0.0,1528,62.57722513089005,0.0,6.658828534031416,0.0,2658,2657,5315,36.74294788334901,300,302,602,35.664518272425255,376,379,755,19.02411655629139,73,75,148,34.25521621621622,449,454,903,21.519867109634546,6065,36.575198680956305,6065,36.48730550185857,36.896,43.344,97.37840065952184,84.66611706512778,55.74608408903545,5,2,154,0.08244023083264633,0,0,0,5315,36.64747275510378,495,35.60156255988312,107,36.15259427079243,148,33.93979135999136,755,18.988173351173472,6065,36.62285045342127,37.044,43.74,84.74855729596042,56.504534212695795,,,,,,,,,,0,0,0,0,0,0,0,0,0.0,43,no
A_DR30,6820,2006.3282799999927,32.390478410975156,28.728295254497404,0.6144110459433041,0.008944281524926686,0.004545454545454545,4.708299120234595,0.6491231671554253,504.25155098000045,0.6887731899999997,0.09477564999999996,0.08514782000000007,0.17390460000000013,162.65742965999976,19.72079000000001,251.3305305052084,5315,31.117591721542805,0.003198494825964252,4.688908748824082,0.6720658513640633,0.002634054562558796,495,32.36767676767677,0.0,5.885333333333334,0.6671919191919191,0.0,107,205.90654205607476,0.3925233644859813,8.671121495327101,0.24299065420560748,0.14018691588785046,755,57.18278145695364,0.0013245033112582781,3.2672980132450378,0.5381456953642384,0.0013245033112582781,148,32.432432432432435,0.006756756756756757,5.953986486486485,0.624527027027027,0.006756756756756757,0,6820,6820,0,0,0,0,0,0,0,0,0,1528,0,0,0,0,0,0,0.0,0.0,0.0,0.0,1528,62.65837696335078,0.0,6.646465968586404,0.0,2658,2657,5315,36.46286585136406,300,302,602,35.6483122923588,376,379,755,18.91134834437086,73,75,148,34.38583783783785,449,454,903,21.448186046511637,6065,36.33133058532563,6065,36.28317387329618,36.661500000000004,43.2951,97.49381698268755,83.9406430338005,54.460016488046165,12,7,155,0.1978565539983512,0,0,0,5315,36.407776970163724,495,35.51570658003035,107,36.73595142702268,148,34.04792827915328,755,18.907665693486067,6065,36.446643363561414,36.828,43.56,83.9406430338005,55.03709810387469,,,,,,,,,,0,0,0,0,0,0,0,0,0.0,44,no
A_DR30,6820,2006.3282799999924,32.33249256818475,28.62219310557986,0.616688660801564,0.007917888563049853,0.003812316715542522,4.746260997067436,0.6432580645161292,502.81494529999924,0.6830731100000016,0.09461202000000021,0.08508168999999981,0.17317012999999987,162.19420669000058,19.547939999999993,250.6144933071477,5315,31.164440263405456,0.0005644402634054562,4.686171213546559,0.6639755409219184,0.0005644402634054562,495,32.531313131313134,0.0,6.231171717171721,0.6793131313131312,0.0,107,206.52336448598132,0.4766355140186916,9.284485981308414,0.2897196261682243,0.21495327102803738,755,57.849006622516555,0.0,3.2823311258278154,0.5169536423841059,0.0,148,32.6554054054054,0.0,6.124797297297295,0.6785810810810811,0.0,0,6820,6820,0,0,0,0,0,0,0,0,0,1528,0,0,0,0,0,0,0.0,0.0,0.0,0.0,1528,62.47447643979058,0.0,6.633815445026182,0.0,2658,2657,5315,36.35882822201317,300,302,602,35.44355481727575,376,379,755,18.686336423841063,73,75,148,34.05308108108108,449,454,903,21.205435215946842,6065,36.2117144270404,6065,36.164743064049865,36.568000000000005,43.140342857142855,97.16405605935697,83.3305853256389,53.98186314921682,11,3,168,0.18136850783182193,0,0,0,5315,36.30913538556829,495,35.530926152197246,107,35.45557017368789,148,33.61187604895105,755,18.675414765320784,6065,36.31325045342127,36.828,43.38,83.26463314097279,55.07007419620775,,,,,,,,,,0,0,0,0,0,0,0,0,0.0,45,no
A_DR30,6820,2006.3282799999927,32.43779880348311,28.75666108476752,0.6138049853372434,0.008944281524926686,0.004838709677419355,4.711772727272735,0.6505894428152493,502.96336173000003,0.684884140000001,0.09393754000000037,0.08511840999999962,0.17346098999999973,162.24172904999966,19.611050000000002,250.68846745757972,5315,31.112511759172154,0.0011288805268109125,4.686793979303862,0.6720658513640633,0.0011288805268109125,495,32.28080808080808,0.0,6.104767676767674,0.669212121212121,0.0,107,206.0373831775701,0.5046728971962616,8.860841121495332,0.19626168224299065,0.24299065420560748,755,57.030463576158944,0.0013245033112582781,3.2336158940397315,0.5580132450331126,0.0013245033112582781,148,31.91216216216216,0.0,5.490743243243244,0.6177702702702701,0.0,0,6820,6820,0,0,0,0,0,0,0,0,0,1528,0,0,0,0,0,0,0.0,0.0,0.0,0.0,1528,62.35078534031414,0.0,6.605359947643976,0.0,2658,2657,5315,36.472246848541864,300,302,602,35.59401328903654,376,379,755,18.932233112582782,73,75,148,34.60086486486487,449,454,903,21.500053156146183,6065,36.33940906842539,6065,36.273183567082015,36.672,43.146,97.23000824402308,83.79225061830174,54.5919208573784,4,0,161,0.06595218466611706,0,0,0,5315,36.39590098686277,495,35.72995072551934,107,35.32605800531028,148,34.367775496463,755,18.949157293756045,6065,36.40800791426216,36.828,43.632,84.35284418796373,55.05358615004122,,,,,,,,,,0,0,0,0,0,0,0,0,0.0,46,no
B_OBS,9365,2759.0135099998947,30.551131603406947,27.984088884630353,0.6316639971525182,0.009183128670581953,0.005125467164975975,6.157024025627339,0.7223705285638015,726.4767031000006,1.0308399000000008,0.14722238,0.10788741999999997,0.21226790000000037,234.4283218,30.40783999999998,263.31031017678066,7597,33.97841253126234,0.0053968671844149005,6.303600105304729,0.727129129919705,0.003948927208108464,696,34.002873563218394,0.0,6.693577586206898,0.8778735632183908,0.0,107,206.97196261682242,0.411214953271028,9.351682242990652,0.2616822429906542,0.1588785046728972,755,57.558940397350995,0.0013245033112582781,3.327576158940399,0.5659602649006623,0.0013245033112582781,210,35.852380952380955,0.0,7.620952380952384,0.8319047619047618,0.0,0,9365,9365,0,0,0,0,0,0,0,0,0,1528,0,0,0,0,0,0,0.0,0.0,0.0,0.0,1528,62.82853403141361,0.0,6.6812499999999995,0.0,3798,3799,7597,28.955856259049625,401,402,803,29.95383810709838,376,379,755,18.85870728476821,105,105,210,26.763257142857142,481,484,965,20.577301554404148,8610,28.99545365853659,8610,28.988210454644832,29.184,34.71432,93.5075493612079,44.285714285714285,10.011614401858305,10,1,221,0.11614401858304298,0,0,0,7597,28.95692077347511,696,29.858655226095745,107,30.51667782497876,210,26.45645873222016,755,18.861415405190836,8610,29.116812543554005,29.412,35.136,45.99303135888502,11.8931475029036,1574,924,664,922,542,0.0,0,0,inf,0,0,0,0,0,0,0,0,107.3170731707317,42,yes
B_OBS,9365,2759.0135099998947,30.921009199578453,28.320004550611653,0.6241715607759387,0.006833956219967966,0.0035237586759209825,5.861383876134529,0.7236518953550456,721.7929833999979,1.0247499200000019,0.14247078000000035,0.10769387999999985,0.2123316800000002,232.9125277199993,30.073230000000013,261.6127035202613,7597,33.51257075161248,0.0014479399763064368,5.999774911149137,0.7246281426879032,0.0011846781624325392,696,33.5919540229885,0.0028735632183908046,6.202313218390814,0.8821839080459764,0.0014367816091954023,107,206.6822429906542,0.4672897196261682,9.501495327102802,0.38317757009345793,0.205607476635514,755,57.42781456953642,0.0,3.3003311258278165,0.5752317880794702,0.0,210,34.63809523809524,0.004761904761904762,7.077857142857143,0.87,0.004761904761904762,0,9365,9365,0,0,0,0,0,0,0,0,0,1528,0,0,0,0,0,0,0.0,0.0,0.0,0.0,1528,62.42801047120419,0.0,6.631858638743437,0.0,3798,3799,7597,29.325684349085165,401,402,803,29.999970112079694,376,379,755,18.919883443708606,105,105,210,27.30771428571429,481,484,965,20.745699481865284,8610,29.339351916376305,8610,29.322464686200938,29.556,34.861560000000004,94.48315911730546,46.7479674796748,10.116144018583043,10,0,207,0.11614401858304298,0,0,0,7597,29.31356969448062,696,29.93567708799821,107,30.268411833960432,210,27.129907903525044,755,18.892355659969173,8610,29.452716376306622,29.772,35.208,48.048780487804876,11.939605110336817,,,,,,,,,,0,0,0,0,0,0,0,0,0.0,43,no
B_OBS,9365,2759.0135099998947,30.656579635833676,28.093873866126295,0.6291955864032747,0.0076882007474639615,0.004378003203416978,6.065349706353473,0.7346502936465564,725.8911048899995,1.0259533099999982,0.1472985400000002,0.10788422000000032,0.21243038999999975,234.23447128999928,30.44782000000001,263.0980610493739,7597,33.80637093589575,0.00329077267342372,6.198890351454536,0.7358167697775435,0.0027642490456759247,696,33.820402298850574,0.0,6.5089367816092,0.91235632183908,0.0,107,207.00934579439252,0.42990654205607476,9.776074766355144,0.3177570093457944,0.17757009345794392,755,57.63046357615894,0.0013245033112582781,3.323814569536426,0.597748344370861,0.0013245033112582781,210,35.8,0.0,7.729952380952376,0.8080952380952381,0.0,0,9365,9365,0,0,0,0,0,0,0,0,0,1528,0,0,0,0,0,0,0.0,0.0,0.0,0.0,1528,62.29057591623037,0.0,6.60573298429319,0.0,3798,3799,7597,29.146935369224703,401,402,803,29.857315068493154,376,379,755,18.874680794701995,105,105,210,26.52651428571429,481,484,965,20.54081658031088,8610,29.14927526132405,8610,29.1037014354867,29.34814285714286,34.73358,93.91405342624854,44.51800232288037,9.988385598141695,8,0,210,0.09291521486643438,0,0,0,7597,29.106867523762272,696,29.7543930210594,107,30.35830307169466,210,26.19333719138005,755,18.839986340811507,8610,29.239513588850173,29.52,35.1,46.678281068524974,11.637630662020905,,,,,,,,,,0,0,0,0,0,0,0,0,0.0,44,no
B_OBS,9365,2759.0135099998947,30.766055850804563,28.18755466129245,0.6271044669870084,0.007047517351841965,0.003630539241857982,5.911499199145733,0.7301655098772024,721.9041020599999,1.0236500700000022,0.1429274800000002,0.10762385999999978,0.211418630000001,232.94904871000008,30.317679999999996,261.6529782994892,7597,33.6697380544952,0.0025009872318020273,6.043378965381043,0.7325259971041199,0.001974463604054232,696,33.89798850574713,0.0,6.398376436781609,0.8893678160919537,0.0,107,207.3271028037383,0.4392523364485981,10.053084112149536,0.3177570093457944,0.17757009345794392,755,57.60794701986755,0.0,3.3282384105960268,0.5950993377483443,0.0,210,34.80952380952381,0.0,6.704142857142855,0.8128571428571428,0.0,0,9365,9365,0,0,0,0,0,0,0,0,0,1528,0,0,0,0,0,0,0.0,0.0,0.0,0.0,1528,62.367801047120416,0.0,6.620065445026187,0.0,3798,3799,7597,29.21043411873108,401,402,803,29.596259028642603,376,379,755,18.871152317880792,105,105,210,27.529885714285715,481,484,965,20.756518134715026,8610,29.205428571428573,8610,29.17719497248396,29.406857142857145,34.671899999999994,93.75145180023229,45.1335656213705,9.872241579558652,7,1,172,0.08130081300813008,0,0,0,7597,29.1883302629186,696,29.6448834368218,107,29.25587270673252,210,27.18422120974264,755,18.847255938630905,8610,29.31924041811847,29.646,35.1,47.39837398373984,11.335656213704993,,,,,,,,,,0,0,0,0,0,0,0,0,0.0,45,no
B_OBS,9365,2759.013509999895,30.75341210305404,28.171085485114194,0.627471080263392,0.007581420181526962,0.003630539241857982,6.014757074212524,0.7305926321409505,722.1112878199996,1.0260701499999962,0.14198936999999923,0.1075182400000003,0.21152771000000048,233.0181220800002,29.823080000000015,261.7280724442799,7597,33.72120573910754,0.0036856653942345663,6.166592075819433,0.7313413189416873,0.002632618138738976,696,33.76724137931034,0.0,6.492614942528739,0.9209770114942529,0.0,107,206.41121495327104,0.3925233644859813,9.198224299065423,0.34579439252336447,0.12149532710280374,755,57.676821192052984,0.0013245033112582781,3.373960264900663,0.5752317880794702,0.0013245033112582781,210,34.58095238095238,0.0,6.810428571428567,0.8271428571428572,0.0,0,9365,9365,0,0,0,0,0,0,0,0,0,1528,0,0,0,0,0,0,0.0,0.0,0.0,0.0,1528,62.350130890052355,0.0,6.610903141361257,0.0,3798,3799,7597,29.137396340660793,401,402,803,29.663775840597758,376,379,755,18.896185430463575,105,105,210,27.02897142857143,481,484,965,20.66642487046632,8610,29.13506341463415,8610,29.10718336208234,29.273142857142858,34.61916,93.86759581881533,44.3321718931475,10.139372822299652,16,0,184,0.18583042973286876,0,0,0,7597,29.09771419285946,696,29.702180227674624,107,29.914385013117723,210,27.06646375957376,755,18.830895080533026,8610,29.221622299651568,29.556000000000004,35.028000000000006,46.30662020905923,11.149825783972126,,,,,,,,,,0,0,0,0,0,0,0,0,0.0,46,no
B_DR15,8080,2384.015709999851,30.809746900169095,27.924412733529845,0.6339645214521453,0.007797029702970297,0.004207920792079208,5.633425742574263,0.6838564356435645,626.752853359998,0.8708918400000001,0.11993549999999992,0.09639695000000076,0.19387111000000018,202.2175067000001,25.371310000000005,262.89795437633137,6452,33.39832610043398,0.0009299442033477991,5.721348419094857,0.6959872907625537,0.0009299442033477991,588,33.77721088435374,0.0,6.351071428571431,0.763656462585034,0.0,107,207.22429906542055,0.5046728971962616,10.458411214953271,0.3177570093457944,0.24299065420560748,755,57.86887417218543,0.003973509933774834,3.320741721854305,0.5487417218543047,0.0026490066225165563,178,34.46629213483146,0.0,6.9848314606741555,0.7737078651685392,0.0,0,8080,8080,0,0,0,0,0,0,0,0,0,1528,0,0,0,0,0,0,0.0,0.0,0.0,0.0,1528,62.63612565445026,0.0,6.647238219895276,0.0,3226,3226,6452,29.51318164910106,349,346,695,29.75314532374101,376,379,755,18.812646357615893,89,89,178,27.932561797752815,465,468,933,20.55376205787782,7325,29.49753993174062,7325,29.46367316425554,29.7,35.05728,94.1433447098976,47.60409556313993,10.948805460750853,0,0,119,0.0,0,0,0,6452,29.482277378309853,588,29.76626973740545,107,29.78786943710495,178,27.594851954786787,755,18.775185562649273,7325,29.57800300341297,29.843999999999998,35.352000000000004,48.86006825938566,12.42320819112628,1250,734,570,732,465,0.0,0,0,inf,0,0,0,0,0,0,0,0,100.2047781569966,42,yes
B_DR15,8080,2384.015709999851,31.065918266902003,28.186795920979566,0.6280631188118811,0.007797029702970297,0.004331683168316832,5.473951732673257,0.6828663366336637,625.2870420000005,0.8692701699999986,0.12069026999999992,0.09639383000000033,0.19417657999999954,201.7458350699997,25.176689999999986,262.2831046696582,6452,33.04789212647241,0.0021698698078115313,5.56331835089894,0.6949023558586477,0.0020148791072535648,588,33.756802721088434,0.0,6.280595238095241,0.7500510204081631,0.0,107,206.34579439252337,0.4392523364485981,8.893457943925235,0.3364485981308411,0.18691588785046728,755,57.17880794701987,0.0026490066225165563,3.2615894039735105,0.5672847682119205,0.0026490066225165563,178,34.61797752808989,0.0,6.898370786516848,0.7231460674157302,0.0,0,8080,8080,0,0,0,0,0,0,0,0,0,1528,0,0,0,0,0,0,0.0,0.0,0.0,0.0,1528,62.45811518324607,0.0,6.640052356020936,0.0,3226,3226,6452,29.814511469311846,349,346,695,29.88357410071943,376,379,755,19.002611920529798,89,89,178,27.72586516853933,465,468,933,20.667125401929262,7325,29.77030935153584,7325,29.76579264313041,29.988,35.3592,95.56313993174061,49.85665529010239,11.918088737201366,3,1,137,0.040955631399317405,1,0,0,6452,29.815801063705543,588,29.768428208101426,107,30.863531909212284,178,27.284544647487344,755,18.991132246172214,7325,29.89657228668942,30.168000000000003,35.676,50.98976109215017,13.583617747440274,,,,,,,,,,0,0,0,0,0,0,0,0,0.0,43,no
B_DR15,8080,2384.015709999851,31.030415909563644,28.170050337088693,0.6284364686468646,0.006435643564356435,0.0032178217821782176,5.4009591584158185,0.6818762376237623,624.0772649799976,0.8624157300000013,0.12248878000000005,0.09603604000000018,0.19401589999999927,201.35235002999994,24.969549999999995,261.77565120996485,6452,33.08508989460633,0.0018598884066955983,5.477789832610051,0.6956773093614378,0.0018598884066955983,588,33.35374149659864,0.0017006802721088435,6.155595238095235,0.7670578231292515,0.0017006802721088435,107,206.51401869158877,0.3644859813084112,9.0588785046729,0.2336448598130841,0.12149532710280374,755,57.267549668874175,0.0,3.254013245033116,0.5394701986754967,0.0,178,35.140449438202246,0.0,7.030786516853933,0.7737078651685392,0.0,0,8080,8080,0,0,0,0,0,0,0,0,0,1528,0,0,0,0,0,0,0.0,0.0,0.0,0.0,1528,62.541230366492144,0.0,6.633893979057593,0.0,3226,3226,6452,29.68309361438314,349,346,695,30.35913669064749,376,379,755,18.998892715231793,89,89,178,27.39903370786517,465,468,933,20.6015691318328,7325,29.69173351535836,7325,29.66293897398165,29.818285714285715,35.18784,95.04436860068259,48.80546075085324,11.80887372013652,4,0,126,0.05460750853242321,0,0,0,6452,29.665281311914992,588,30.3093211771222,107,30.52901155480034,178,26.9221790529695,755,18.97940112635709,7325,29.766918225255974,29.988,35.532,49.84300341296928,13.119453924914676,,,,,,,,,,0,0,0,0,0,0,0,0,0.0,44,no
B_DR15,8080,2384.015709999851,31.00749909604788,28.102714364299022,0.6299422442244224,0.008663366336633664,0.004331683168316832,5.491509900990079,0.6802673267326735,624.4378083000012,0.8670198699999998,0.1174991899999999,0.0963958900000001,0.19371771999999965,201.46970470000008,25.305019999999992,261.92688482746627,6452,33.137476751394914,0.0037197768133911966,5.5783632982021185,0.6981571605703654,0.002789832610043397,588,33.994897959183675,0.0,6.394829931972792,0.7381462585034012,0.0,107,207.49532710280374,0.42990654205607476,9.487663551401868,0.18691588785046728,0.1588785046728972,755,57.505960264900665,0.0,3.319576158940398,0.5262251655629139,0.0,178,33.62359550561798,0.0,6.169550561797751,0.7905617977528088,0.0,0,8080,8080,0,0,0,0,0,0,0,0,0,1528,0,0,0,0,0,0,0.0,0.0,0.0,0.0,1528,62.84162303664922,0.0,6.666583769633507,0.0,3226,3226,6452,29.722413515189086,349,346,695,29.70776978417267,376,379,755,18.931327152317877,89,89,178,28.50714606741573,465,468,933,20.756643086816727,7325,29.69149269624573,7325,29.647911262812272,29.946,35.178,94.5938566552901,49.474402730375424,11.41296928327645,3,1,122,0.040955631399317405,0,0,0,6452,29.68152256796211,588,29.65203539963438,107,30.02392984585508,178,28.18993866919597,755,18.92043164219886,7325,29.747298839590446,30.096,35.568000000000005,50.525597269624576,12.791808873720136,,,,,,,,,,0,0,0,0,0,0,0,0,0.0,45,no
B_DR15,8080,2384.015709999851,30.98834300028763,28.135973104723927,0.6291976072607262,0.008415841584158416,0.004207920792079208,5.463956683168304,0.6874455445544556,623.3164171100012,0.8725241199999995,0.11821503000000028,0.09621889999999998,0.1939642499999997,201.11180835999954,25.31673999999999,261.45650571658365,6452,33.122132672039676,0.0030998140111593306,5.540559516429002,0.7009469931804089,0.0021698698078115313,588,33.59863945578231,0.0,6.521632653061224,0.7585544217687075,0.0,107,206.58878504672896,0.4485981308411215,8.854953271028034,0.24299065420560748,0.18691588785046728,755,57.566887417218545,0.0,3.307006622516557,0.5593377483443709,0.0,178,33.747191011235955,0.0,6.30387640449438,0.7737078651685392,0.0,0,8080,8080,0,0,0,0,0,0,0,0,0,1528,0,0,0,0,0,0,0.0,0.0,0.0,0.0,1528,62.43586387434555,0.0,6.612303664921466,0.0,3226,3226,6452,29.620746435213885,349,346,695,29.968212949640282,376,379,755,18.871629139072844,89,89,178,28.337460674157306,465,468,933,20.677890675241155,7325,29.622529965870303,7325,29.603194750696403,29.736,35.030879999999996,95.11262798634812,47.972696245733786,11.249146757679181,3,0,117,0.040955631399317405,0,0,0,6452,29.606973560103878,588,29.913049357445278,107,30.317467945138972,178,28.013292397490154,755,18.86957869988212,7325,29.692613242320817,29.880000000000003,35.388,49.03754266211604,12.368600682593856,,,,,,,,,,0,0,0,0,0,0,0,0,0.0,46,no
B_DR30,6820,2016.2871399998248,30.886388227818042,27.625838080591937,0.6421016617790811,0.009237536656891495,0.005131964809384164,5.218369501466266,0.6486832844574784,533.4951800400006,0.71803356,0.09941593999999997,0.08574697000000021,0.17721212999999952,172.09578501000001,20.630150000000018,264.5928595468039,5315,32.93358419567262,0.0024459078080903106,5.256302916274699,0.6688673565380993,0.002257761053621825,495,34.008080808080805,0.0,6.555393939393936,0.7035555555555554,0.0,107,206.6728971962617,0.45794392523364486,9.047196261682242,0.21495327102803738,0.205607476635514,755,57.96158940397351,0.0013245033112582781,3.314728476821194,0.5328476821192054,0.0013245033112582781,148,33.763513513513516,0.0,6.327297297297295,0.6447972972972973,0.0,0,6820,6820,0,0,0,0,0,0,0,0,0,1528,0,0,0,0,0,0,0.0,0.0,0.0,0.0,1528,62.6282722513089,0.0,6.6332395287958175,0.0,2658,2657,5315,29.989740733772344,300,302,602,29.841129568106314,376,379,755,18.760196026490064,73,75,148,28.455810810810817,449,454,903,20.349847176079734,6065,29.937558450123664,6065,29.866192669918703,30.156000000000002,35.58744,94.49299258037922,51.030502885408076,13.305853256389119,0,0,94,0.0,0,0,0,5315,29.919559252093155,495,29.718323594385414,107,30.802716057774003,148,27.767164329589328,755,18.74369210127621,6065,29.991151854905194,30.312,35.964,52.38252267106348,14.657873042044518,955,559,464,559,367,0.0,0,0,inf,0,0,0,0,0,0,0,0,92.16817807089859,42,yes
B_DR30,6820,2016.2871399998248,31.243403655784558,27.971290135371728,0.6341715542521994,0.00718475073313783,0.0030791788856304987,5.019370967741927,0.6451642228739006,533.1116909899995,0.7161810599999993,0.09958748000000012,0.08572779999999995,0.1775325399999997,171.9722634500001,20.318119999999993,264.40266389342037,5315,32.4519285042333,0.0011288805268109125,5.039539040451547,0.6645399811853239,0.0011288805268109125,495,33.63030303030303,0.0,6.186444444444437,0.6894141414141413,0.0,107,206.62616822429908,0.3925233644859813,9.208411214953271,0.27102803738317754,0.1308411214953271,755,57.19205298013245,0.0013245033112582781,3.217814569536428,0.5288741721854304,0.0013245033112582781,148,34.358108108108105,0.0,6.553513513513511,0.6650675675675675,0.0,0,6820,6820,0,0,0,0,0,0,0,0,0,1528,0,0,0,0,0,0,0.0,0.0,0.0,0.0,1528,62.56479057591623,0.0,6.6500392670157105,0.0,2658,2657,5315,30.322539228598313,300,302,602,30.101322259136218,376,379,755,19.002611920529805,73,75,148,27.993162162162164,449,454,903,20.476744186046517,6065,30.243739488870574,6065,30.2534293062914,30.414,35.822880000000005,95.79554822753504,53.388293487221766,14.16323165704864,0,0,72,0.0,0,0,0,5315,30.33446352918953,495,30.083260965499147,107,30.502207300176458,148,27.7325994998245,755,18.993262959953956,6065,30.35663050288541,30.528000000000002,36.144,54.34460016488046,15.581203627370156,,,,,,,,,,0,0,0,0,0,0,0,0,0.0,43,no
B_DR30,6820,2016.2871399998246,31.069968642310176,27.83538637112923,0.6372678396871945,0.008357771260997068,0.004105571847507331,5.074824046920851,0.6409120234604109,533.6734887500011,0.7208781200000032,0.1000160100000004,0.08560102999999969,0.1775700300000004,172.1544600899997,20.21797,264.681293731828,5315,32.65832549388523,0.002257761053621825,5.121236124176883,0.6662333019755404,0.0018814675446848542,495,33.604040404040404,0.0,6.026121212121211,0.6409292929292927,0.0,107,206.50467289719626,0.411214953271028,8.81943925233645,0.2336448598130841,0.1588785046728972,755,57.47682119205298,0.0013245033112582781,3.2886357615894064,0.5235761589403974,0.0013245033112582781,148,34.229729729729726,0.0,6.6310810810810805,0.624527027027027,0.0,0,6820,6820,0,0,0,0,0,0,0,0,0,1528,0,0,0,0,0,0,0.0,0.0,0.0,0.0,1528,62.653141361256544,0.0,6.644914921465972,0.0,2658,2657,5315,30.132765380997174,300,302,602,30.161900332225912,376,379,755,18.897234437086095,73,75,148,27.37118918918919,449,454,903,20.286059800664457,6065,30.068268425391587,6065,30.062687819418834,30.198000000000004,35.6616,95.72959604286892,51.6075845012366,13.305853256389119,1,0,82,0.016488046166529265,0,0,0,5315,30.1142263675741,495,29.991467685849504,107,31.031779730549825,148,27.749402334152332,755,18.894714048071133,6065,30.141313107996705,30.456000000000003,35.928000000000004,52.77823577906018,14.558944765045343,,,,,,,,,,0,0,0,0,0,0,0,0,0.0,44,no
B_DR30,6820,2016.2871399998248,31.014395190930614,27.7365740946636,0.6395381231671554,0.007917888563049853,0.0035190615835777126,5.104661290322556,0.6365131964809386,532.4301264299988,0.7159479600000002,0.1000877800000001,0.08568706000000018,0.17704299000000007,171.75329112000006,20.544949999999993,264.0646343804212,5315,32.69764816556914,0.0016933207902163688,5.104344308560665,0.6609651928504225,0.0015051740357478834,495,33.846464646464646,0.0,6.393414141414141,0.6389090909090906,0.0,107,207.28971962616822,0.4205607476635514,9.347570093457945,0.22429906542056074,0.14953271028037382,755,58.148344370860926,0.0,3.3506887417218563,0.5235761589403974,0.0,148,34.29054054054054,0.0,6.685810810810812,0.624527027027027,0.0,0,6820,6820,0,0,0,0,0,0,0,0,0,1528,0,0,0,0,0,0,0.0,0.0,0.0,0.0,1528,62.484947643979055,0.0,6.647846858638755,0.0,2658,2657,5315,30.089396048918154,300,302,602,30.026392026578073,376,379,755,18.685382781456948,73,75,148,27.75040540540541,449,454,903,20.171960132890366,6065,30.02606562242374,6065,29.98194054134605,30.150000000000002,35.570879999999995,94.92168178070898,51.47568013190437,13.107996702390766,2,0,79,0.03297609233305853,0,0,0,5315,30.054800932378452,495,30.001599445403084,107,29.85931082282204,148,27.38827327132327,755,18.666999645917,6065,30.088449793899425,30.312,35.856,52.547403132728775,14.476504534212696,,,,,,,,,,0,0,0,0,0,0,0,0,0.0,45,no
B_DR30,6820,2016.2871399998248,31.12008933752045,27.870763226703257,0.6364589442815249,0.00689149560117302,0.002932551319648094,5.061508797653954,0.6457507331378299,531.0796729600002,0.7139593500000011,0.09830545000000022,0.08548511000000046,0.17684313999999987,171.31743582000064,20.504590000000015,263.3948619838176,5315,32.63480714957667,0.0009407337723424271,5.0947111947318975,0.6705606773283155,0.0009407337723424271,495,33.531313131313134,0.0,6.241414141414145,0.661131313131313,0.0,107,206.80373831775702,0.3925233644859813,9.19532710280374,0.2897196261682243,0.14018691588785046,755,57.31523178807947,0.0,3.2533112582781474,0.5037086092715231,0.0,148,33.689189189189186,0.0,6.158445945945946,0.6853378378378377,0.0,0,6820,6820,0,0,0,0,0,0,0,0,0,1528,0,0,0,0,0,0,0.0,0.0,0.0,0.0,1528,62.352094240837694,0.0,6.610163612565445,0.0,2658,2657,5315,30.185109313264352,300,302,602,30.067116279069772,376,379,755,18.971618543046354,73,75,148,28.584972972972967,449,454,903,20.547787375415286,6065,30.134350535861508,6065,30.09700152819975,30.24514285714286,35.6904,95.61417971970322,51.93734542456719,13.602638087386644,2,0,94,0.03297609233305853,0,0,0,5315,30.152730146542076,495,30.211256776960415,107,29.686319990290087,148,28.010440514215514,755,18.935995627815895,6065,30.214215333882937,30.492000000000004,35.928000000000004,53.784006595218464,14.60840890354493,,,,,,,,,,0,0,0,0,0,0,0,0,0.0,46,no
C_OBS,9365,2745.29365999987,24.184532143371936,22.867601393843238,0.7691510945008009,0.02989855846235985,0.016978109983982914,8.025981847303816,0.7740523224773088,763.103480460001,1.0732644000000005,0.1721882600000003,0.11128597000000057,0.20237345000000068,246.2715858999999,32.06514,277.96788794537815,7597,43.15914176648677,0.025931288666578914,8.466865868105858,0.7737264709753852,0.015137554297749111,696,40.8132183908046,0.021551724137931036,6.5541235632183925,0.9410919540229885,0.011494252873563218,107,209.73831775700936,0.4953271028037383,9.256822429906544,0.35514018691588783,0.2336448598130841,755,57.71390728476821,0.01456953642384106,3.7611788079470174,0.6586754966887417,0.010596026490066225,210,47.06666666666667,0.01904761904761905,11.660476190476183,0.8604761904761904,0.014285714285714285,0,9365,9365,0,0,0,0,0,0,0,0,0,1528,0,0,0,0,0,0,0.0,0.0,0.0,0.0,1528,64.01047120418848,0.568717277486911,7.872414921465968,29.319371727748692,3798,3799,7597,22.031995261287353,401,402,803,23.746102117061014,376,379,755,18.67083973509934,105,105,210,20.120742857142854,481,484,965,18.985243523316058,8610,22.145243205574914,8610,22.05186701794167,21.9972,26.324672727272727,68.04878048780488,2.822299651567944,0.04645760743321719,210,84,526,2.4390243902439024,8,4,4,7597,21.933968067226353,696,23.639773767871223,107,24.375532144278946,210,19.870262551823725,755,18.613060885806618,8610,22.223535888501743,22.248,26.928,4.227642276422764,0.09291521486643438,2048,1092,534,1087,535,0.0,0,0,inf,0,0,0,0,0,0,0,0,126.82926829268293,42,yes
C_OBS,9365,2745.29365999987,24.41471938473156,23.09600379517175,0.7615447588538886,0.019220501868659905,0.011105178857447945,7.751156433529132,0.7643352909770421,760.0300953899997,1.0751669400000001,0.16922538000000034,0.11105494000000006,0.20256735999999925,245.28006216999964,31.561780000000002,276.84837744827473,7597,42.6661840200079,0.015927339739370803,8.172074503093338,0.7667500329077267,0.010135579834145057,696,40.59051724137931,0.008620689655172414,6.225977011494251,0.9166666666666665,0.007183908045977011,107,209.6728971962617,0.411214953271028,9.414205607476633,0.3644859813084112,0.1588785046728972,755,57.615894039735096,0.003973509933774834,3.752052980132451,0.6202649006622517,0.0026490066225165563,210,45.67142857142857,0.02857142857142857,11.109190476190472,0.8938095238095237,0.014285714285714285,0,9365,9365,0,0,0,0,0,0,0,0,0,1528,0,0,0,0,0,0,0.0,0.0,0.0,0.0,1528,63.6413612565445,0.5517015706806283,7.8542539267015545,29.25392670157068,3798,3799,7597,22.319777280505466,401,402,803,23.83128268991283,376,379,755,18.644471523178808,105,105,210,20.7924,481,484,965,19.111784455958553,8610,22.42349268292683,8610,22.300559816314745,22.220653846153848,26.524595454545455,70.19744483159117,2.81068524970964,0.04645760743321719,162,50,489,1.8815331010452963,3,2,1,7597,22.194339028098625,696,23.704193108902885,107,24.372809141668494,210,20.435321143094193,755,18.609396072547835,8610,22.479595818815334,22.5,27.215999999999998,4.157955865272938,0.09291521486643438,,,,,,,,,,0,0,0,0,0,0,0,0,0.0,43,no
C_OBS,9365,2745.29365999987,24.25975889663813,22.945540181741958,0.7665385299875422,0.0203950880939669,0.013240790176187935,7.944878804057647,0.777789642285104,762.6865694299953,1.0711526500000024,0.17338303999999963,0.11100235999999987,0.2025451899999997,246.1343679900004,31.912689999999998,277.8160240351232,7597,42.94616295906279,0.0164538633671186,8.344605765433707,0.7787284454389892,0.011846781624325392,696,40.6882183908046,0.005747126436781609,6.412183908045974,0.9324712643678159,0.004310344827586207,107,209.9626168224299,0.48598130841121495,9.878411214953271,0.37383177570093457,0.21495327102803738,755,57.964238410596025,0.007947019867549669,3.928052980132453,0.6599999999999999,0.006622516556291391,210,47.180952380952384,0.01904761904761905,12.020333333333333,0.8604761904761904,0.014285714285714285,0,9365,9365,0,0,0,0,0,0,0,0,0,1528,0,0,0,0,0,0,0.0,0.0,0.0,0.0,1528,63.54973821989529,0.6034031413612565,7.87384162303664,30.955497382198953,3798,3799,7597,22.126613136764504,401,402,803,23.646978829389795,376,379,755,18.530701986754966,105,105,210,20.280000000000005,481,484,965,18.91145284974093,8610,22.223368641114977,8610,22.105198860903815,22.07769230769231,26.301000000000002,69.07084785133566,2.7177700348432055,0.05807200929152149,216,62,527,2.508710801393728,9,3,3,7597,22.005676534903806,696,23.60078660191588,107,24.132370906404415,210,19.715839975232893,755,18.488321786326086,8610,22.27145644599303,22.356,26.964000000000002,4.076655052264808,0.08130081300813008,,,,,,,,,,0,0,0,0,0,0,0,0,0.0,44,no
C_OBS,9365,2745.29365999987,24.342684387616803,23.021491359127907,0.7640096102509343,0.022423918846769888,0.013134009610250935,7.742515750133466,0.7701014415376399,759.5651119200026,1.0718244099999987,0.16891532000000012,0.11117968999999973,0.20224588000000074,245.12765683999908,31.82743,276.67900268273615,7597,42.7887323943662,0.020402790575227064,8.154092404896655,0.7706989601158352,0.012768197972884034,696,40.791666666666664,0.0028735632183908046,6.281077586206903,0.9109195402298845,0.0028735632183908046,107,210.58878504672896,0.4485981308411215,10.052056074766352,0.35514018691588783,0.18691588785046728,755,57.8158940397351,0.006622516556291391,3.7901192052980166,0.6533774834437086,0.005298013245033113,210,45.98095238095238,0.0,10.729904761904763,0.9128571428571428,0.0,0,9365,9365,0,0,0,0,0,0,0,0,0,1528,0,0,0,0,0,0,0.0,0.0,0.0,0.0,1528,63.6119109947644,0.568717277486911,7.873200261780125,29.515706806282722,3798,3799,7597,22.20384941424247,401,402,803,23.6893897882939,376,379,755,18.583772185430462,105,105,210,21.108857142857147,481,484,965,19.133682901554405,8610,22.315689198606275,8610,22.242760999557603,22.1772,26.33874545454545,70.45296167247386,2.961672473867596,0.03484320557491289,146,52,487,1.6957026713124275,5,2,3,7597,22.142219492468538,696,23.65217034106791,107,23.74998421458946,210,20.44081835030068,755,18.564168783862012,8610,22.368008362369338,22.464000000000002,26.928,4.320557491289199,0.10452961672473868,,,,,,,,,,0,0,0,0,0,0,0,0,0.0,45,no
C_OBS,9365,2745.29365999987,24.35944654377165,23.046615727946413,0.7631767218366258,0.02359850507207688,0.013240790176187935,7.797272824345939,0.7726641751201281,759.5155267300054,1.071384320000001,0.1679466899999996,0.11095372999999957,0.2024110400000004,245.1115924999995,31.74243999999999,276.66094079350376,7597,42.77635908911412,0.02066605238910096,8.230405423193336,0.7721469000921417,0.012899828879820982,696,40.5617816091954,0.011494252873563218,6.344956896551715,0.9339080459770115,0.005747126436781609,107,209.55140186915887,0.4392523364485981,9.163084112149532,0.3925233644859813,0.16822429906542055,755,57.82251655629139,0.0013245033112582781,3.7915099337748353,0.6414569536423841,0.0013245033112582781,210,45.46666666666667,0.0380952380952381,10.647333333333334,0.9223809523809523,0.014285714285714285,0,9365,9365,0,0,0,0,0,0,0,0,0,1528,0,0,0,0,0,0,0.0,0.0,0.0,0.0,1528,63.58769633507853,0.6092931937172775,7.857545811518328,29.973821989528794,3798,3799,7597,22.23680242200869,401,402,803,23.69472478206725,376,379,755,18.639464900662254,105,105,210,21.2256,481,484,965,19.203258031088083,8610,22.348110104529617,8610,22.242267509538667,22.161085714285715,26.306713636363636,70.42973286875726,3.0197444831591174,0.04645760743321719,158,69,496,1.835075493612079,3,0,3,7597,22.13456021630185,696,23.63797429345009,107,24.032589070167123,210,20.600724548255194,755,18.557165364997886,8610,22.426490592334495,22.428,27.036,4.4018583042973285,0.09291521486643438,,,,,,,,,,0,0,0,0,0,0,0,0,0.0,46,no
C_DR15,8080,2372.178509999925,24.497708934359554,23.001208356002056,0.7658374587458746,0.017326732673267328,0.009777227722772277,7.260188118811891,0.7141782178217824,654.4906112700006,0.9062091899999956,0.1419413500000006,0.0988801400000001,0.18536105000000017,211.1911793800003,26.928459999999998,275.9027655427252,6452,42.34252944823311,0.014879107253564786,7.647605393676408,0.7268304401735892,0.00976441413515189,588,40.476190476190474,0.0,6.040255102040812,0.7687585034013604,0.0,107,210.38317757009347,0.37383177570093457,10.328785046728976,0.21495327102803738,0.11214953271028037,755,57.928476821192056,0.003973509933774834,3.65385430463576,0.6056953642384106,0.003973509933774834,178,45.151685393258425,0.0056179775280898875,10.699213483146073,0.8355056179775279,0.0056179775280898875,0,8080,8080,0,0,0,0,0,0,0,0,0,1528,0,0,0,0,0,0,0.0,0.0,0.0,0.0,1528,63.84489528795812,0.5883507853403142,7.865170157068059,29.581151832460733,3226,3226,6452,22.660008059516425,349,346,695,23.932437410071945,376,379,755,18.610712582781456,89,89,178,21.186808988764046,465,468,933,19.102302250803863,7325,22.744937610921497,7325,22.626285574472565,22.5888,26.83845818181818,73.56996587030717,3.9590443686006824,0.040955631399317405,99,36,312,1.3515358361774743,3,1,0,6452,22.536341781581648,588,23.91784497964733,107,23.95404510079005,178,20.821848227132534,755,18.57910923716984,7325,22.83821324232082,22.896,27.503999999999998,5.378839590443686,0.13651877133105803,1477,786,484,784,460,0.0,0,0,inf,0,0,0,0,0,0,0,0,107.30375426621161,42,yes
C_DR15,8080,2372.178509999925,24.658629578066346,23.16743974998164,0.760342409240924,0.020297029702970298,0.012376237623762377,7.162555693069291,0.7143019801980202,654.6899745899997,0.9041101600000019,0.14220977999999948,0.09919682999999992,0.1859123099999996,211.2556027999994,26.53656999999999,275.98680783514067,6452,41.999535027898325,0.016119032858028518,7.545075945443251,0.7276053936763792,0.011159330440173589,588,40.506802721088434,0.0,6.029319727891152,0.7806632653061223,0.0,107,209.58878504672896,0.42990654205607476,9.033271028037383,0.2616822429906542,0.17757009345794392,755,57.40662251655629,0.018543046357615896,3.7451655629139085,0.588476821192053,0.011920529801324504,178,45.20786516853933,0.0,10.411348314606748,0.8186516853932583,0.0,0,8080,8080,0,0,0,0,0,0,0,0,0,1528,0,0,0,0,0,0,0.0,0.0,0.0,0.0,1528,63.717277486910994,0.6132198952879581,7.908272251308902,31.740837696335078,3226,3226,6452,22.80885678859269,349,346,695,23.909387050359715,376,379,755,18.762818543046357,89,89,178,21.088516853932582,465,468,933,19.20671382636656,7325,22.871470853242325,7325,22.757176724837624,22.75971428571429,27.03744,74.21160409556315,3.863481228668942,0.040955631399317405,136,47,365,1.8566552901023892,7,6,3,6452,22.691607468054734,588,23.751172953951706,107,24.614064723988722,178,20.734120804247326,755,18.69786634734634,7325,22.949535563139932,23.003999999999998,27.720000000000002,5.747440273037543,0.08191126279863481,,,,,,,,,,0,0,0,0,0,0,0,0,0.0,43,no
C_DR15,8080,2372.1785099999256,24.615862428342762,23.135242439593238,0.7614005775577558,0.016584158415841585,0.010148514851485149,7.104339108910898,0.721851485148515,654.7336065600011,0.9006900399999969,0.1450393199999996,0.09879646999999987,0.1857726599999996,211.26931586000006,26.45019000000002,276.00520104198296,6452,42.09159950402976,0.01208927464352139,7.475223186608788,0.73365003099814,0.008524488530688159,588,40.00170068027211,0.003401360544217687,5.884506802721089,0.8010714285714285,0.003401360544217687,107,209.77570093457945,0.4485981308411215,9.06981308411215,0.24299065420560748,0.18691588785046728,755,57.41456953642384,0.007947019867549669,3.676013245033113,0.6017218543046358,0.006622516556291391,178,46.2752808988764,0.0,11.050393258426972,0.8298876404494381,0.0,0,8080,8080,0,0,0,0,0,0,0,0,0,1528,0,0,0,0,0,0,0.0,0.0,0.0,0.0,1528,63.78664921465968,0.6079842931937173,7.888370418848169,31.151832460732983,3226,3226,6452,22.740366398016125,349,346,695,24.326728057553957,376,379,755,18.77531125827815,89,89,178,20.620719101123598,465,468,933,19.12977491961415,7325,22.839373105802053,7325,22.72863862065114,22.723714285714287,26.909018181818183,74.70307167235495,3.795221843003413,0.06825938566552901,127,39,344,1.733788395904437,3,2,3,6452,22.63120995364311,588,24.19877173695056,107,24.627226820832846,178,20.262473169709057,755,18.729653099613113,7325,22.849084505119453,22.932000000000002,27.540000000000003,5.26962457337884,0.17747440273037543,,,,,,,,,,0,0,0,0,0,0,0,0,0.0,44,no
C_DR15,8080,2372.1785099999256,24.667167008463956,23.173915123292744,0.7601299504950495,0.020297029702970298,0.01051980198019802,7.035821782178232,0.728782178217822,650.8960724499996,0.8985273900000016,0.13918543000000003,0.09898790999999964,0.18503601999999955,210.02806600999966,26.227460000000008,274.387475354888,6452,41.952417854928704,0.016738995660260384,7.399226596404235,0.7389197148171108,0.009454432734035957,588,40.85204081632653,0.013605442176870748,6.2485204081632615,0.8129761904761903,0.006802721088435374,107,210.3271028037383,0.411214953271028,9.15,0.27102803738317754,0.16822429906542055,755,57.560264900662254,0.005298013245033113,3.6224238410596024,0.6202649006622517,0.0026490066225165563,178,44.10112359550562,0.0,9.6714606741573,0.8186516853932583,0.0,0,8080,8080,0,0,0,0,0,0,0,0,0,1528,0,0,0,0,0,0,0.0,0.0,0.0,0.0,1528,64.07133507853403,0.5890052356020943,7.905451570680631,28.730366492146597,3226,3226,6452,22.855787352758835,349,346,695,23.70276258992806,376,379,755,18.763819867549667,89,89,178,22.02734831460674,465,468,933,19.385401929260453,7325,22.916017474402732,7325,22.81985689339059,22.840615384615383,26.9604,75.49488054607508,3.631399317406143,0.027303754266211604,112,49,321,1.52901023890785,4,2,2,6452,22.767042342156095,588,23.561128779590216,107,24.21896281633213,178,21.444504543530257,755,18.708156860466534,7325,22.97793747440273,23.112000000000002,27.576,5.1058020477815695,0.05460750853242321,,,,,,,,,,0,0,0,0,0,0,0,0,0.0,45,no
C_DR15,8080,2372.1785099999256,24.643534146505562,23.1787583013504,0.7599711221122113,0.02103960396039604,0.010396039603960397,7.05233910891089,0.7203663366336635,650.7912675500029,0.9006422600000004,0.13927394999999976,0.09876825000000021,0.18514485000000053,209.99660441999885,26.446929999999963,274.34329448925973,6452,42.00402975821451,0.018133911965282083,7.42879882207068,0.732410105393676,0.00976441413515189,588,40.25340136054422,0.008503401360544218,6.2688605442176915,0.8061734693877549,0.0017006802721088435,107,209.57009345794393,0.4205607476635514,8.512056074766354,0.2897196261682243,0.16822429906542055,755,57.58278145695364,0.003973509933774834,3.599523178807948,0.5950993377483443,0.0026490066225165563,178,44.13483146067416,0.0,9.762752808988763,0.7905617977528088,0.0,0,8080,8080,0,0,0,0,0,0,0,0,0,1528,0,0,0,0,0,0,0.0,0.0,0.0,0.0,1528,63.69568062827225,0.6073298429319371,7.88121073298428,30.69371727748691,3226,3226,6452,22.765954742715437,349,346,695,24.04178417266187,376,379,755,18.733684768211923,89,89,178,21.916719101123594,465,468,933,19.340218649517684,7325,22.866369419795223,7325,22.767553864292605,22.706999999999997,26.863199999999996,75.20819112627986,3.6177474402730376,0.06825938566552901,90,40,301,1.2286689419795223,2,1,1,6452,22.666484875280823,588,23.971074088650575,107,24.511011677519843,178,21.40731363488935,755,18.701289568193896,7325,22.924598498293516,22.968,27.396,5.160409556313994,0.12286689419795221,,,,,,,,,,0,0,0,0,0,0,0,0,0.0,46,no
C_DR30,6820,2006.2956899999633,24.65579112936708,22.94001741781759,0.7694281524926686,0.020967741935483872,0.00967741935483871,6.703115835777119,0.6739032258064523,555.2812273500003,0.744539889999999,0.1169609999999998,0.08773594999999988,0.17016465999999986,179.1454856399995,21.348930000000003,276.7693865454152,5315,41.74656632173095,0.016556914393226718,7.049559736594553,0.6965249294449665,0.008466603951081843,495,40.525252525252526,0.012121212121212121,6.083898989898986,0.7136565656565655,0.00404040404040404,107,209.71028037383178,0.40186915887850466,8.626915887850467,0.22429906542056074,0.14018691588785046,755,58.10728476821192,0.003973509933774834,3.7263973509933783,0.5580132450331126,0.003973509933774834,148,44.57432432432432,0.02027027027027027,10.127027027027028,0.6447972972972973,0.006756756756756757,0,6820,6820,0,0,0,0,0,0,0,0,0,1528,0,0,0,0,0,0,0.0,0.0,0.0,0.0,1528,63.888743455497384,0.6151832460732984,7.9029123036649365,31.348167539267017,2658,2657,5315,23.12674543744121,300,302,602,24.13279734219269,376,379,755,18.538474172185435,73,75,148,21.431918918918917,449,454,903,19.012863787375416,6065,23.185246496290194,6065,23.0813578694394,23.17569230769231,27.42853090909091,76.30667765869744,4.732069249793899,0.0494641384995878,64,34,216,1.055234954657873,1,0,1,5315,23.017599351099406,495,23.990012489402275,107,24.870607013005223,148,21.038404016290087,755,18.509572129577816,6065,23.232500577081616,23.364,27.971999999999998,6.859027205276175,0.13190436933223412,1098,588,406,586,376,0.0,0,0,inf,0,0,0,0,0,0,0,0,96.94971145919209,42,yes
C_DR30,6820,2006.2956899999635,24.974447070494207,23.257878788073526,0.7589125122189638,0.020381231671554253,0.01158357771260997,6.3977991202346285,0.6755161290322588,551.7953003599996,0.7354838999999996,0.11723514000000025,0.08773461000000003,0.16987988999999992,178.01851239000095,21.339070000000017,275.03189241263317,5315,41.096331138287866,0.015239887111947318,6.725510818438408,0.695207902163687,0.009783631232361242,495,40.18181818181818,0.006060606060606061,5.715333333333331,0.7378989898989897,0.00404040404040404,107,209.57943925233644,0.4672897196261682,8.98626168224299,0.22429906542056074,0.21495327102803738,755,57.157615894039736,0.005298013245033113,3.438225165562914,0.5606622516556291,0.0013245033112582781,148,44.939189189189186,0.006756756756756757,10.137972972972973,0.6718243243243243,0.006756756756756757,0,6820,6820,0,0,0,0,0,0,0,0,0,1528,0,0,0,0,0,0,0.0,0.0,0.0,0.0,1528,63.81544502617801,0.5883507853403142,7.9096596858638835,29.581151832460733,2658,2657,5315,23.509239510818436,300,302,602,24.34837873754153,376,379,755,18.836105960264902,73,75,148,21.52556756756757,449,454,903,19.27610631229236,6065,23.544124649629016,6065,23.387001020732463,23.376857142857144,27.75109090909091,79.02720527617477,5.474031327287716,0.11541632316570487,68,27,214,1.12118713932399,2,1,2,5315,23.348954971596662,495,24.21886089617763,107,24.63858170483346,148,21.06622385595286,755,18.84073402277147,6065,23.583217147568014,23.652,28.332,7.633965375103051,0.26380873866446825,,,,,,,,,,0,0,0,0,0,0,0,0,0.0,43,no
C_DR30,6820,2006.2956899999635,24.825539743103445,23.13673663000922,0.762886119257087,0.01906158357771261,0.00967741935483871,6.4776656891495845,0.671703812316716,554.21078108,0.7416152500000008,0.11732102999999983,0.08780863999999959,0.17027004999999984,178.79857192999967,21.40815,276.2358429230389,5315,41.35653809971778,0.015239887111947318,6.830592662276585,0.6914449670743172,0.008466603951081843,495,40.147474747474746,0.0,5.524323232323237,0.6894141414141413,0.0,107,209.55140186915887,0.42990654205607476,8.509065420560749,0.2616822429906542,0.16822429906542055,755,57.501986754966886,0.003973509933774834,3.5735231788079473,0.5765562913907285,0.003973509933774834,148,44.95945945945946,0.0,10.338243243243246,0.6853378378378377,0.0,0,6820,6820,0,0,0,0,0,0,0,0,0,1528,0,0,0,0,0,0,0.0,0.0,0.0,0.0,1528,63.8684554973822,0.5759162303664922,7.869214659685873,29.25392670157068,2658,2657,5315,23.23610009407338,300,302,602,24.33474418604651,376,379,755,18.681854304635767,73,75,148,21.29764864864865,449,454,903,19.110378737541527,6065,23.297846661170652,6065,23.211663743960806,23.184,27.49143272727273,78.03792250618302,4.92992580379225,0.13190436933223412,73,28,234,1.2036273701566365,2,1,2,5315,23.14822580327974,495,24.201476607939703,107,24.89658573490648,148,20.961181541387248,755,18.717289449597853,6065,23.37002473206925,23.364,27.936,6.611706512778236,0.16488046166529266,,,,,,,,,,0,0,0,0,0,0,0,0,0.0,44,no
C_DR30,6820,2006.2956899999635,24.778375794532632,23.065804255699238,0.7652321603128055,0.02155425219941349,0.010997067448680353,6.4983592375366515,0.6752228739002939,553.608123699999,0.7414233600000015,0.11772184000000005,0.08774319000000005,0.17006551999999997,178.6052303599999,21.343159999999987,275.9354597925738,5315,41.42427093132643,0.016368767638758233,6.821697083725295,0.6963367826904979,0.00865475070555033,495,40.18181818181818,0.006060606060606061,5.757494949494954,0.6934545454545453,0.00404040404040404,107,210.4392523364486,0.4766355140186916,9.130654205607478,0.2803738317757009,0.21495327102803738,755,58.158940397350996,0.007947019867549669,3.595867549668878,0.5672847682119205,0.005298013245033113,148,44.9054054054054,0.0,10.268040540540541,0.6920945945945945,0.0,0,6820,6820,0,0,0,0,0,0,0,0,0,1528,0,0,0,0,0,0,0.0,0.0,0.0,0.0,1528,63.774869109947645,0.6341623036649214,7.946884816753935,31.348167539267017,2658,2657,5315,23.285673753527753,300,302,602,24.1838073089701,376,379,755,18.55378013245034,73,75,148,21.26967567567568,449,454,903,18.997196013289038,6065,23.325625721352022,6065,23.189866637902053,23.16342857142857,27.398618181818183,78.18631492168178,4.781533388293488,0.0989282769991756,69,33,217,1.1376751854905194,5,3,2,5315,23.14328787237025,495,24.14705503777831,107,24.194482117406046,148,20.934893830847006,755,18.535643421188052,6065,23.34367617477329,23.436,27.864,6.430338004946414,0.1483924154987634,,,,,,,,,,0,0,0,0,0,0,0,0,0.0,45,no
C_DR30,6820,2006.2956899999633,24.889401628864164,23.196777043019825,0.7609115347018574,0.019501466275659823,0.00967741935483871,6.405456011730228,0.6730234604105578,552.8809680100004,0.7401236600000033,0.1166528599999995,0.08752902000000008,0.16965319000000068,178.37129849999985,20.98844000000002,275.57302284291427,5315,41.26698024459078,0.013734713076199435,6.743759172154271,0.6937027281279391,0.007525870178739417,495,40.064646464646465,0.006060606060606061,5.798545454545455,0.7318383838383838,0.00202020202020202,107,209.6448598130841,0.45794392523364486,8.669906542056072,0.2523364485981308,0.19626168224299065,755,57.24635761589404,0.005298013245033113,3.4564105960264886,0.5527152317880795,0.003973509933774834,148,44.229729729729726,0.02702702702702703,9.693108108108111,0.651554054054054,0.006756756756756757,0,6820,6820,0,0,0,0,0,0,0,0,0,1528,0,0,0,0,0,0,0.0,0.0,0.0,0.0,1528,63.61976439790576,0.6348167539267016,7.886852094240844,31.217277486910994,2658,2657,5315,23.346741674506113,300,302,602,24.29246511627907,376,379,755,18.892466225165563,73,75,148,21.673216216216215,449,454,903,19.348504983388704,6065,23.39977444352844,6065,23.304278667409257,23.256,27.530901818181817,78.97774113767518,5.127782357790601,0.06595218466611706,53,28,188,0.8738664468260511,2,0,3,5315,23.2518029664148,495,24.26228473960731,107,24.363882230084375,148,21.218587882552978,755,18.823734744453013,6065,23.44892794723825,23.436,28.044,6.892003297609233,0.11541632316570487,,,,,,,,,,0,0,0,0,0,0,0,0,0.0,46,no
C1_X0,9365,2848.820140000332,21.14586443870453,19.790268464096844,0.9222673073500622,0.587293112653497,0.30389749065670046,15.459392418579855,1.1227976508275497,970.7965393599978,1.3663677000000027,0.20947237000000038,0.12330409000000021,0.22424186000000002,313.31169802000034,38.98192999999998,340.7714392807841,7597,52.437804396472295,0.6112939318151902,16.05093194682116,1.1183361853363167,0.3197314729498486,696,49.25,0.7471264367816092,13.31489942528737,1.5560344827586208,0.3448275862068966,107,220.3551401869159,0.8598130841121495,16.78897196261682,0.2803738317757009,0.38317757009345793,755,66.57350993377483,0.24503311258278146,10.382675496688739,0.7686092715231789,0.12980132450331125,210,55.871428571428574,0.28095238095238095,18.741761904761912,1.5509523809523806,0.18095238095238095,0,9365,9365,0,0,0,0,0,0,0,0,0,1528,0,0,0,0,0,0,0.0,0.0,0.0,0.0,1528,64.04842931937172,0.6027486910994765,7.910373036649214,29.18848167539267,3798,3799,7597,19.54335606160326,401,402,803,20.434819427148188,376,379,755,16.265372185430465,105,105,210,18.604800000000004,481,484,965,16.774358549222796,8610,19.603605574912887,8610,19.931644253951223,21.151285714285713,24.864,60.40650406504065,0.47619047619047616,0.0,1143,458,2601,13.275261324041812,85,31,37,7597,19.805384993368147,696,21.408422909776526,107,22.88548535655196,210,18.099704540698752,755,16.816700089676054,8610,15.880072473867596,16.488,21.528000000000002,0.03484320557491289,0.0,4882,2740,681,2733,1131,0.0,0,0,inf,0,0,0,0,0,0,0,0,318.23461091753774,42,yes
C1_X0,9365,2848.820140000332,21.403530984540875,20.050151032739063,0.9103132229934151,0.5334757074212493,0.2750667378537106,14.932722904431438,1.0707955152162307,961.9112884299993,1.3567393199999989,0.20421475999999936,0.12270129000000053,0.22351275000000007,310.4427713099998,38.750389999999996,337.6525161851346,7597,51.69974990127682,0.5595629853889693,15.522450967487192,1.0680531788864027,0.290509411609846,696,48.76293103448276,0.6925287356321839,12.703951149425297,1.432471264367816,0.3089080459770115,107,220.0467289719626,0.7289719626168224,17.01822429906542,0.3177570093457944,0.3364485981308411,755,66.18807947019867,0.1695364238410596,10.048821192052976,0.7474172185430463,0.10331125827814569,210,53.74285714285714,0.2714285714285714,17.481571428571424,1.5176190476190472,0.19047619047619047,0,9365,9365,0,0,0,0,0,0,0,0,0,1528,0,0,0,0,0,0,0.0,0.0,0.0,0.0,1528,63.65052356020942,0.5732984293193717,7.863416230366477,30.170157068062828,3798,3799,7597,19.956083717256814,401,402,803,20.57980572851806,376,379,755,16.299083443708607,105,105,210,19.123028571428573,481,484,965,16.915262176165804,8610,19.993935888501746,8610,20.33385294917768,21.475285714285715,25.092,63.94889663182346,0.3948896631823461,0.0,1010,359,2624,11.73054587688734,81,14,31,7597,20.22478520215017,696,21.662167374055297,107,22.53393602078313,210,18.75610031008895,755,16.85139180709634,8610,16.159806271777004,16.632,21.672,0.023228803716608595,0.0,,,,,,,,,,0,0,0,0,0,0,0,0,0.0,43,no
C1_X0,9365,2848.820140000332,21.154921892049217,19.707403529203813,0.9261452215696744,0.594447410571276,0.31308061932728243,15.757130806193242,1.1855846235985052,971.96207777,1.3652735800000082,0.21060149999999975,0.12338690999999996,0.2242614299999998,313.6854102399993,39.080760000000026,341.18056950056763,7597,52.614847966302484,0.6185336316967224,16.305333684349073,1.1963933131499283,0.32762932736606554,696,49.41235632183908,0.7327586206896551,13.482887931034485,1.4626436781609198,0.33189655172413796,107,220.51401869158877,0.9158878504672897,17.52401869158879,0.32710280373831774,0.45794392523364486,755,67.50066225165563,0.23178807947019867,11.191218543046363,0.7633112582781456,0.14304635761589404,210,55.89047619047619,0.40476190476190477,18.977999999999994,1.831904761904762,0.2619047619047619,0,9365,9365,0,0,0,0,0,0,0,0,0,1528,0,0,0,0,0,0,0.0,0.0,0.0,0.0,1528,63.528141361256544,0.5785340314136126,7.852244764397896,30.49738219895288,3798,3799,7597,19.592207450309324,401,402,803,20.42464259028643,376,379,755,16.244344370860926,105,105,210,18.88782857142857,481,484,965,16.8183792746114,8610,19.65266341463414,8610,19.88770260073612,21.18342857142857,24.900000000000002,61.347270615563296,0.4529616724738676,0.0,1199,467,2575,13.925667828106853,98,32,34,7597,19.757273232949203,696,21.338237656737146,107,22.792134265315735,210,18.318775553071653,755,16.51515262532244,8610,15.885491289198608,16.488,21.636,0.03484320557491289,0.0,,,,,,,,,,0,0,0,0,0,0,0,0,0.0,44,no
C1_X0,9365,2848.820140000332,21.38602304322971,20.043920432160938,0.9105961914931483,0.5258942872397224,0.27624132407901764,14.779308061932669,1.0248798718633207,958.73603583,1.3507447300000026,0.20522712999999942,0.12290967999999974,0.22337729000000095,309.415846479999,38.41869000000003,336.53793104323125,7597,51.67039620902988,0.5453468474397789,15.341387389759065,1.0255363959457682,0.28827168619191784,696,48.92816091954023,0.6968390804597702,12.720474137931028,1.2873563218390802,0.33189655172413796,107,220.53271028037383,0.9345794392523364,16.746355140186918,0.3177570093457944,0.42990654205607476,755,66.4317880794702,0.1827814569536424,10.150913907284776,0.7580132450331122,0.10993377483443709,210,53.89047619047619,0.28095238095238095,16.906904761904762,1.4509523809523805,0.1761904761904762,0,9365,9365,0,0,0,0,0,0,0,0,0,1528,0,0,0,0,0,0,0.0,0.0,0.0,0.0,1528,63.63023560209424,0.6020942408376964,7.891524869109969,30.89005235602094,3798,3799,7597,19.979388706068182,401,402,803,20.616926525529262,376,379,755,16.37399205298013,105,105,210,19.36782857142857,481,484,965,17.02564974093264,8610,20.023931707317068,8610,20.321525631108635,21.456,24.99,63.56562137049942,0.5458768873403019,0.0,983,386,2539,11.416957026713124,88,24,38,7597,20.21638759954612,696,21.616784960514735,107,22.381699519408812,210,18.782451947611825,755,16.839044175142465,8610,16.236510104529618,16.740000000000002,21.708000000000002,0.023228803716608595,0.0,,,,,,,,,,0,0,0,0,0,0,0,0,0.0,45,no
C1_X0,9365,2848.820140000332,21.405929110008806,20.026112102853425,0.9114059441181704,0.5572877736252002,0.28862786972770954,14.937011211959469,1.1152162306460227,961.269600619998,1.3551235000000004,0.20186085999999975,0.12278678999999987,0.22368610999999963,310.23450075000045,38.852729999999994,337.42726931854884,7597,51.76266947479268,0.5822035013821245,15.523776490720019,1.1108332236409106,0.3015664077925497,696,48.798850574712645,0.7025862068965517,12.898563218390809,1.4956896551724137,0.33764367816091956,107,220.21495327102804,0.8411214953271028,16.844859813084103,0.32710280373831774,0.34579439252336447,755,66.49006622516556,0.20397350993377483,10.195854304635764,0.7778807947019863,0.1205298013245033,210,53.1,0.3,16.539571428571428,1.627142857142857,0.23333333333333334,0,9365,9365,0,0,0,0,0,0,0,0,0,1528,0,0,0,0,0,0,0.0,0.0,0.0,0.0,1528,63.59489528795812,0.6047120418848168,7.86474476439791,29.18848167539267,3798,3799,7597,19.98736395945768,401,402,803,20.388597758405982,376,379,755,16.3484821192053,105,105,210,19.717542857142853,481,484,965,17.081533678756475,8610,20.01820348432056,8610,20.284053446743776,21.486857142857144,24.954000000000004,64.22764227642277,0.34843205574912894,0.0,1038,430,2644,12.05574912891986,89,28,31,7597,20.182818513208,696,21.47811961497633,107,22.379397306212205,210,18.921243656354704,755,16.815130895670006,8610,16.11418118466899,16.596,21.744,0.03484320557491289,0.0,,,,,,,,,,0,0,0,0,0,0,0,0,0.0,46,no
C1_L25,9365,2848.820140000332,21.005064059084276,19.664024864396623,0.9281882897312689,0.7236518953550454,0.35109450080085425,15.816241324079018,1.176187933796049,976.0984220800001,1.372987839999998,0.2131218499999997,0.12361614000000042,0.22444268999999958,315.0239864199997,39.70772999999996,342.6325194681776,7597,52.81387389759116,0.7527971567724102,16.41742266684215,1.1834934842701066,0.36672370672633936,696,49.33764367816092,0.8864942528735632,13.4125,1.6422413793103448,0.3922413793103448,107,220.2429906542056,1.0654205607476634,17.446168224299065,0.3177570093457944,0.45794392523364486,755,67.01324503311258,0.31920529801324504,10.831774834437093,0.7434437086092714,0.16688741721854305,210,56.2952380952381,0.4095238095238095,19.124333333333336,1.3604761904761906,0.2571428571428571,0,9365,9365,0,0,0,0,0,0,7,0,0,1528,0,0,0,0,0,382,76.35602094240838,0.6570680628272252,9.48062827225131,30.104712041884817,1146,64.10994764397905,0.568935427574171,7.873996509598602,28.44677137870855,3798,3799,7597,19.266913781755957,401,402,803,19.906296388542962,376,379,755,15.878860927152319,105,105,210,18.694114285714285,481,484,965,16.490947150259068,8610,19.312574216027873,8610,19.36211464440425,20.668821428571427,24.6714,55.33101045296167,0.29036004645760743,0.0,1628,819,3006,18.908246225319395,118,57,65,7597,19.232620946735878,696,21.013667390101105,107,21.68860491052615,210,17.387583462054533,755,16.45716753865711,8610,15.236763763066202,16.092,21.276,0.03484320557491289,0.0,5932,3268,768,3260,1448,0.0,0,0,inf,7,7,7,2,0,0,0,5,379.55865272938445,42,yes
C1_L25,9365,2848.820140000332,21.31199312476182,19.997996455030126,0.9126873109094145,0.6607581420181527,0.3190603310197544,15.082400427122233,1.0442071542979177,966.6201484499996,1.363059749999993,0.20433324000000033,0.12289474000000035,0.22394073000000111,311.96180901000105,38.709939999999975,339.30543205507075,7597,51.834013426352506,0.6890877978149269,15.656919836777648,1.0339607739897327,0.33342108727129127,696,48.89942528735632,0.8060344827586207,12.866939655172418,1.425287356321839,0.34195402298850575,107,219.8785046728972,0.9158878504672897,17.159719626168222,0.4392523364485981,0.4766355140186916,755,66.47417218543046,0.30066225165562915,10.361311258278148,0.7354966887417215,0.1576158940397351,210,53.84285714285714,0.319047619047619,17.556142857142856,1.5699999999999996,0.22380952380952382,0,9365,9365,0,0,0,0,0,0,3,0,0,1528,0,0,0,0,0,382,75.58638743455498,0.6649214659685864,9.371623036649222,34.29319371727749,1146,63.92059336823735,0.6055846422338569,7.932321116928441,30.89005235602094,3798,3799,7597,19.755110175069113,401,402,803,20.090331257783312,376,379,755,16.20944105960265,105,105,210,19.34074285714286,481,484,965,16.891274611398963,8610,19.776267595818823,8610,19.83566379711931,21.070285714285713,24.900000000000002,59.27990708478514,0.3948896631823461,0.0,1414,715,2954,16.422764227642276,120,48,54,7597,19.724729939908983,696,21.07679659416395,107,22.24913745963825,210,18.505637152330134,755,16.558624124296852,8610,15.672284320557493,16.344,21.528000000000002,0.023228803716608595,0.0,,,,,,,,,,3,3,3,3,0,0,0,0,0.0,43,no
C1_L25,9365,2848.820140000332,21.02166488767502,19.652871070914152,0.9287150738565582,0.7723438334223172,0.36636412172984517,15.918744260544548,1.1462893753336894,978.1925813499978,1.3757907000000003,0.21073020000000148,0.12382060999999965,0.2247857299999995,315.6976152099992,39.19821999999999,343.36761651435245,7597,52.77780702909043,0.8016322232460181,16.476752665525893,1.1554561010925368,0.383045939186521,696,49.60201149425287,0.8936781609195402,13.669712643678157,1.4396551724137934,0.382183908045977,107,220.28971962616822,1.1214953271028036,17.532336448598127,0.34579439252336447,0.45794392523364486,755,67.64503311258278,0.41456953642384103,11.321562913907291,0.8109933774834437,0.20397350993377483,210,55.838095238095235,0.41904761904761906,18.891857142857138,1.4557142857142857,0.24761904761904763,0,9365,9365,0,0,0,0,0,0,12,0,0,1528,0,0,0,0,0,382,76.15968586387434,0.6178010471204188,9.53209424083769,30.89005235602094,1146,63.51657940663176,0.5863874345549738,7.846858638743451,27.225130890052355,3798,3799,7597,19.374321442674745,401,402,803,19.929653798256542,376,379,755,15.888015894039734,105,105,210,18.861942857142857,481,484,965,16.53478134715026,8610,19.413616724738677,8610,19.37335822860458,20.82857142857143,24.6816,56.95702671312427,0.3600464576074332,0.0,1634,853,2994,18.977932636469223,136,66,70,7597,19.250797119994882,696,20.688015307917794,107,22.364636009162176,210,17.925875811396036,755,16.174775889906815,8610,15.330873867595818,16.272,21.312,0.023228803716608595,0.0,,,,,,,,,,12,12,12,2,0,0,0,10,0.0,44,no
C1_L25,9365,2848.820140000332,21.29613834357713,19.99148646214897,0.9129845168179391,0.6611852642819007,0.3303790710090764,14.918020288307542,1.0663107314468767,963.7223515199993,1.3583267300000006,0.20491657999999996,0.12307220999999971,0.2235349799999994,311.0276970000002,38.875629999999994,338.2882400992458,7597,51.834013426352506,0.6781624325391602,15.498867974200383,1.0589706463077533,0.34210872712912993,696,48.98994252873563,0.8764367816091954,12.774267241379327,1.5445402298850575,0.3807471264367816,107,220.25233644859813,0.8691588785046729,16.66869158878505,0.37383177570093457,0.4392523364485981,755,66.49271523178808,0.3350993377483444,10.200874172185426,0.7209271523178806,0.176158940397351,210,54.08095238095238,0.4,17.077428571428563,1.3414285714285714,0.23809523809523808,0,9365,9365,0,0,0,0,0,0,2,0,0,1528,0,0,0,0,0,382,75.67277486910994,0.6465968586387435,9.419738219895287,34.81675392670157,1146,63.7347294938918,0.5541012216404887,7.861073298429343,28.359511343804538,3798,3799,7597,19.811595629853894,401,402,803,20.237514321295144,376,379,755,16.170484768211917,105,105,210,19.416171428571428,481,484,965,16.876501554404147,8610,19.841673867595823,8610,19.819051674848428,21.038464285714287,24.846,59.1869918699187,0.3948896631823461,0.0,1428,751,2839,16.585365853658537,111,56,60,7597,19.713473322344548,696,21.07362653130399,107,22.345193409394344,210,18.193325380955464,755,16.613962750486664,8610,15.675595818815331,16.38,21.636,0.011614401858304297,0.0,,,,,,,,,,2,2,2,0,0,0,0,2,0.0,45,no
C1_L25,9365,2848.820140000332,21.275728007206553,19.92805151572499,0.9158907278875245,0.6660971703150027,0.32963160704751737,15.212048051254635,1.1281366791243996,966.947314840001,1.3636737000000019,0.20390546999999984,0.12315046999999975,0.22411587999999982,312.0679338,39.03035999999998,339.4202748229267,7597,52.03817296301172,0.691720415953666,15.799736738186079,1.103330261945505,0.34381992891931024,696,49.064655172413794,0.8491379310344828,13.176005747126439,1.6767241379310345,0.3793103448275862,107,220.47663551401868,0.9345794392523364,17.46644859813084,0.4392523364485981,0.4953271028037383,755,66.66490066225165,0.2847682119205298,10.369364238410606,0.8030463576158939,0.15496688741721854,210,53.49047619047619,0.36666666666666664,16.96166666666667,1.7271428571428569,0.19523809523809524,0,9365,9365,0,0,0,0,0,0,4,0,0,1528,0,0,0,0,0,382,76.09424083769633,0.6492146596858639,9.395654450261773,31.413612565445025,1146,63.69197207678883,0.6588132635253054,7.954458987783587,31.849912739965095,3798,3799,7597,19.729378965381077,401,402,803,20.023128268991282,376,379,755,16.178209271523176,105,105,210,19.863257142857144,481,484,965,16.980547150259067,8610,19.76004041811847,8610,19.806054978378867,21.054857142857145,24.792,60.11614401858304,0.3600464576074332,0.0,1433,732,2876,16.64343786295006,116,39,48,7597,19.70203742033243,696,21.05294043905648,107,21.712246552046082,210,18.46522930916349,755,16.56521310852865,8610,15.683364459930315,16.452,21.708000000000002,0.011614401858304297,0.0,,,,,,,,,,4,4,4,2,0,0,0,2,0.0,46,no
C1_M50,9365,2848.820140000332,20.998623339137612,19.716610153071173,0.9257127602776295,0.808435664709023,0.37479978643886813,15.664689802455923,1.141484249866524,975.9687681300036,1.3723974800000007,0.21331451999999937,0.12356548000000007,0.22457096999999923,314.98206831000164,39.41224,342.5870080130401,7597,52.649072002106095,0.8395419244438594,16.253515861524303,1.142029748584968,0.3912070554166118,696,49.28879310344828,0.8879310344827587,13.344770114942543,1.5732758620689655,0.3807471264367816,107,220.01869158878506,1.0186915887850467,17.35327102803738,0.308411214953271,0.4392523364485981,755,66.84503311258278,0.44370860927152317,10.622264900662252,0.7275496688741718,0.20794701986754968,210,56.51428571428571,0.6238095238095238,19.320428571428565,1.603333333333333,0.32857142857142857,0,9365,9365,0,0,0,0,0,0,7,0,0,1528,0,0,0,0,0,764,76.87303664921465,0.6413612565445026,9.513468586387434,31.413612565445025,764,64.08769633507853,0.6086387434554974,7.931963350785347,31.151832460732983,3798,3799,7597,19.128410688429646,401,402,803,19.817439601494392,376,379,755,15.95391258278146,105,105,210,18.116571428571426,481,484,965,16.424169948186528,8610,19.167993031358886,8610,19.11045084868084,20.298857142857145,24.51055714285714,52.32288037166086,0.2787456445993031,0.0,1879,1054,3273,21.823461091753774,140,65,78,7597,18.9817566827313,696,20.760693830858592,107,21.476709792733235,210,17.091073496820314,755,16.396943774121695,8610,14.992532404181185,16.02,21.240000000000002,0.0,0.0,6505,3565,856,3557,1663,0.0,0,0,inf,7,7,7,2,0,0,1,4,414.0534262485482,42,yes
C1_M50,9365,2848.820140000332,21.16085353129117,19.869636277687956,0.9185833778252358,0.8126001067805659,0.3773625200213561,15.440596903363575,1.086171916711159,974.74575745,1.3779164299999993,0.20693416999999972,0.12359018999999996,0.2249238100000002,314.58603609000085,39.159359999999985,342.1577037327062,7597,52.18836382782678,0.8325654863762011,16.01673555350796,1.085033565881269,0.3927866262998552,696,49.43103448275862,1.0086206896551724,13.392169540229887,1.4841954022988506,0.41235632183908044,107,220.00934579439252,1.233644859813084,17.24317757009346,0.38317757009345793,0.4766355140186916,755,66.77350993377483,0.4463576158940397,10.669549668874172,0.7540397350993374,0.20794701986754968,210,53.89523809523809,0.5428571428571428,17.621761904761904,1.3604761904761904,0.2619047619047619,0,9365,9365,0,0,0,0,0,0,6,0,0,1528,0,0,0,0,0,764,76.21858638743456,0.6897905759162304,9.607866492146595,32.98429319371728,764,64.032722513089,0.637434554973822,7.952578534031418,31.282722513089006,3798,3799,7597,19.40775306041859,401,402,803,19.402206724782072,376,379,755,15.776964238410596,105,105,210,19.29514285714286,481,484,965,16.54030259067358,8610,19.40448919860627,8610,19.192172717242894,20.520000000000003,24.624,54.01858304297329,0.429732868757259,0.0,1913,1057,3384,22.21835075493612,153,79,82,7597,19.08553607272663,696,20.32461165535294,107,21.859162887469868,210,17.937759094629385,755,16.172522700292138,8610,14.993038327526133,15.840000000000002,21.240000000000002,0.03484320557491289,0.0,,,,,,,,,,6,6,6,1,0,0,0,5,0.0,43,no
C1_M50,9365,2848.820140000332,20.875671716979852,19.515140019182983,0.935269620928991,0.8861719167111586,0.4143085958355579,16.321316604377984,1.2049119060331017,985.9995509500033,1.3872389799999971,0.2120659200000009,0.12429081999999943,0.22573552999999977,318.2174347300011,39.90188000000001,346.10803858957854,7597,53.18244043701461,0.9129919705146768,16.880935895748337,1.1981045149401082,0.43095958931157036,696,49.84770114942529,1.021551724137931,13.941408045977004,1.653735632183908,0.44396551724137934,107,220.49532710280374,1.4953271028037383,18.09196261682243,0.3644859813084112,0.5794392523364486,755,68.20132450331126,0.495364238410596,11.898463576158939,0.8295364238410595,0.23178807947019867,210,55.819047619047616,0.5619047619047619,18.963142857142856,1.741428571428571,0.2857142857142857,0,9365,9365,0,0,0,0,0,0,7,0,0,1528,0,0,0,0,0,764,76.14659685863874,0.675392670157068,9.483769633507874,33.246073298429316,764,63.58507853403141,0.6164921465968587,7.890824607329843,30.23560209424084,3798,3799,7597,19.20420165854943,401,402,803,19.48752179327522,376,379,755,15.581086092715234,105,105,210,18.895714285714288,481,484,965,16.30281450777202,8610,19.22310104529617,8610,18.83027977039463,20.349642857142857,24.570000000000004,52.6945412311266,0.3600464576074332,0.0,2093,1219,3281,24.308943089430894,178,100,87,7597,18.697936706595932,696,20.304436333330948,107,21.297590727909572,210,17.47501793906582,755,15.724132139318217,8610,14.863455052264808,15.912,21.276,0.011614401858304297,0.0,,,,,,,,,,7,7,7,1,0,0,0,6,0.0,44,no
C1_M50,9365,2848.820140000332,21.11728850133051,19.805211553578665,0.9215714539953729,0.803523758675921,0.38451681793913506,15.438005339028292,1.1814201815269623,971.4075171099998,1.369405739999998,0.20703541000000003,0.12358927999999926,0.22418082999999994,313.50796718000026,39.19066000000003,340.9859062249844,7597,52.35316572331183,0.8361195208634987,16.02244043701456,1.174937475319205,0.40068448071607216,696,49.445402298850574,0.985632183908046,13.244152298850578,1.6451149425287357,0.4166666666666667,107,220.74766355140187,0.8411214953271028,17.144299065420558,0.29906542056074764,0.42990654205607476,755,67.0887417218543,0.40264900662251657,10.799086092715228,0.8030463576158939,0.22251655629139072,210,54.371428571428574,0.44285714285714284,17.37504761904763,1.6890476190476187,0.2523809523809524,0,9365,9365,0,0,0,0,0,0,13,0,0,1528,0,0,0,0,0,764,76.2434554973822,0.6544502617801047,9.517722513089003,34.29319371727749,764,63.72774869109948,0.6282722513089005,7.9461256544502605,30.104712041884817,3798,3799,7597,19.42698275635119,401,402,803,19.964667496886676,376,379,755,15.705965562913908,105,105,210,19.442914285714288,481,484,965,16.518217616580312,8610,19.477517770034844,8610,19.274936081441073,20.583000000000002,24.670285714285715,54.54123112659698,0.4645760743321719,0.0,1889,1097,3140,21.939605110336817,171,84,86,7597,19.140471149156642,696,20.693789465189855,107,22.283502797030813,210,17.90394320957235,755,16.111088265775052,8610,15.166649477351916,16.128000000000004,21.312,0.011614401858304297,0.0,,,,,,,,,,13,13,13,2,0,0,0,11,0.0,45,no
C1_M50,9365,2848.820140000332,21.122927092989514,19.822054314824175,0.9207883965118349,0.801815269620929,0.3796049119060331,15.507436198611838,1.1373198077949815,972.2254451899973,1.3763399699999963,0.20774204000000027,0.12342404000000005,0.22449599000000006,313.7748680600008,39.05459999999998,341.27301739374957,7597,52.3338159799921,0.8237462156114256,16.0966776359089,1.1317625378438856,0.3925233644859813,696,49.451149425287355,0.9899425287356322,13.575258620689654,1.6307471264367817,0.4267241379310345,107,220.06542056074767,1.2242990654205608,17.0296261682243,0.34579439252336447,0.48598130841121495,755,66.95761589403973,0.40927152317880794,10.665139072847683,0.7752317880794701,0.2185430463576159,210,53.77619047619048,0.580952380952381,17.228333333333342,1.408095238095238,0.28095238095238095,0,9365,9365,0,0,0,0,0,0,7,0,0,1528,0,0,0,0,0,764,76.46465968586388,0.6518324607329843,9.481806282722522,30.49738219895288,764,63.36910994764398,0.5445026178010471,7.781321989528798,28.534031413612567,3798,3799,7597,19.407302882716863,401,402,803,19.53750933997509,376,379,755,15.803189403973509,105,105,210,19.40554285714286,481,484,965,16.587494300518134,8610,19.419403484320554,8610,19.156536655936097,20.514857142857146,24.579120000000003,53.60046457607433,0.2787456445993031,0.0,1967,1100,3243,22.84552845528455,153,75,75,7597,19.040241131823002,696,20.395816848909675,107,21.752821273498068,210,17.93346821926211,755,16.141653581780872,8610,14.999343554006968,15.984000000000002,21.276,0.023228803716608595,0.0,,,,,,,,,,7,7,7,2,0,0,0,5,0.0,46,no
C1_H75,9365,2848.820140000332,20.809182596157093,19.51562277765848,0.9352464851397045,1.0381206620395087,0.4548852108916177,16.24916924719708,1.198398291510945,985.3975688899978,1.390887980000001,0.21461181000000024,0.12438793000000008,0.2254890499999995,318.0287979599998,39.58062000000003,345.8967293350724,7597,53.22021850730552,1.0658154534684745,16.831644070027686,1.2037646439383967,0.4716335395550875,696,49.93103448275862,1.1221264367816093,14.000330459770112,1.6479885057471264,0.46551724137931033,107,220.48598130841123,1.4672897196261683,18.015327102803735,0.32710280373831774,0.5981308411214953,755,67.54172185430464,0.695364238410596,11.348860927152307,0.7580132450331124,0.28344370860927154,210,56.49047619047619,0.7714285714285715,19.34861904761906,1.5414285714285714,0.35714285714285715,0,9365,9365,0,0,0,0,0,0,15,0,0,1528,0,0,0,0,0,1146,76.37783595113439,0.6116928446771379,9.435776614310651,30.45375218150087,382,63.81937172774869,0.5418848167539267,7.873376963350784,29.842931937172775,3798,3799,7597,19.008691852046862,401,402,803,19.114565379825653,376,379,755,15.478188079470197,105,105,210,18.507257142857142,481,484,965,16.137550259067357,8610,19.00633588850174,8610,18.4461424424275,19.6335,24.294,47.65389082462253,0.25551684088269455,0.0,2391,1527,3528,27.770034843205575,201,119,91,7597,18.325570574749396,696,19.778145479609595,107,21.47277608108652,210,16.851192754500467,755,15.652380374017557,8610,14.466443205574913,15.659999999999998,21.06,0.0,0.0,7754,4196,987,4186,1991,0.0,0,0,inf,15,15,15,6,0,0,0,9,487.3403019744483,42,yes
C1_H75,9365,2848.820140000332,20.98585185358487,19.679419780829363,0.9274621818828973,0.9684997330485852,0.4395088093966898,15.979846235985057,1.1360384410037374,981.7396380999983,1.3880902099999979,0.20853529000000054,0.12434243000000017,0.22546103999999906,316.84463509999875,38.86557000000003,344.61271328272903,7597,52.711596682901146,1.0014479399763065,16.54612083717256,1.1363696195866793,0.4543898907463472,696,49.964080459770116,1.1810344827586208,13.921422413793096,1.4755747126436782,0.48563218390804597,107,220.13084112149534,1.1121495327102804,17.583551401869155,0.308411214953271,0.5514018691588785,755,67.47417218543046,0.5298013245033113,11.358132450331118,0.7805298013245032,0.2635761589403974,210,54.37619047619047,0.5761904761904761,18.115428571428573,1.6985714285714282,0.3238095238095238,0,9365,9365,0,0,0,0,0,0,8,0,0,1528,0,0,0,0,0,1146,75.8891797556719,0.6553228621291448,9.46577661431065,35.86387434554974,382,63.74083769633508,0.6256544502617801,7.866125654450259,26.701570680628272,3798,3799,7597,19.14003948927208,401,402,803,19.019925280199253,376,379,755,15.453107284768214,105,105,210,19.60285714285714,481,484,965,16.355079792746114,8610,19.14012543554007,8610,18.54910493488508,19.86171428571429,24.474,49.03600464576074,0.313588850174216,0.0,2368,1460,3598,27.502903600464577,190,110,99,7597,18.421022465415337,696,19.645590661623014,107,21.759061382295553,210,17.91302452954755,755,15.670950778705938,8610,14.472476655052265,15.732000000000001,20.952,0.04645760743321719,0.0,,,,,,,,,,8,8,8,3,0,0,0,5,0.0,43,no
C1_H75,9365,2848.820140000332,20.749892591379368,19.415610300216944,0.9400640683395622,1.0312867058195407,0.45616657768286173,16.60791137213025,1.1522690870261614,990.7661830399965,1.3945931799999982,0.21421361000000097,0.12483745999999976,0.22633369000000053,319.7562141399993,40.17271999999998,347.78123375661096,7597,53.45926023430302,1.061998157167303,17.15465051994206,1.1384757140976705,0.4711070159273397,696,50.2198275862069,1.1120689655172413,14.281235632183906,1.6364942528735633,0.46695402298850575,107,220.7663551401869,1.6728971962616823,18.766915887850473,0.37383177570093457,0.7102803738317757,755,68.37350993377484,0.6344370860927152,12.063364238410603,0.7964238410596026,0.28741721854304636,210,56.642857142857146,0.7523809523809524,19.77890476190477,1.7223809523809523,0.35714285714285715,0,9365,9365,0,0,0,0,0,0,7,0,0,1528,0,0,0,0,0,1146,75.4956369982548,0.6614310645724258,9.416221640488645,30.89005235602094,382,63.90052356020942,0.612565445026178,7.901937172774874,31.151832460732983,3798,3799,7597,18.847495063840988,401,402,803,19.164418430884183,376,379,755,15.16687152317881,105,105,210,18.29965714285714,481,484,965,15.848132642487048,8610,18.863690592334493,8610,18.19093210497457,19.57917857142857,24.27,47.21254355400697,0.29036004645760743,0.0,2543,1551,3627,29.53542392566783,218,131,101,7597,18.041214760718432,696,19.799413916763406,107,20.799598583649697,210,16.94698929588221,755,15.35447559902155,8610,14.212039024390243,15.48,20.844,0.011614401858304297,0.0,,,,,,,,,,7,7,7,1,1,0,0,5,0.0,44,no
C1_H75,9365,2848.820140000332,20.99502204127147,19.701346247608242,0.9264299697455063,0.9414842498665243,0.4201815269620929,15.731827015483137,1.205232247730913,976.2718969499995,1.3782027500000011,0.2065437800000004,0.12415056999999992,0.22460315000000008,315.0798672599987,39.27604,342.6934130527053,7597,52.62603659339213,0.9685402132420693,16.2961708569172,1.21271554561011,0.43661971830985913,696,49.910919540229884,1.1221264367816093,13.70324712643678,1.589080459770115,0.4482758620689655,107,220.84112149532712,0.9813084112149533,17.454859813084116,0.2616822429906542,0.45794392523364486,755,67.42781456953642,0.609271523178808,11.133973509933762,0.7765562913907285,0.26490066225165565,210,54.69047619047619,0.5380952380952381,17.691761904761904,1.684285714285714,0.2714285714285714,0,9365,9365,0,0,0,0,0,0,13,0,0,1528,0,0,0,0,0,1146,75.69022687609075,0.6230366492146597,9.408176265270514,32.54799301919721,382,63.68586387434555,0.6308900523560209,7.927277486910999,33.769633507853406,3798,3799,7597,19.246072923522448,401,402,803,19.496398505603985,376,379,755,15.174882119205298,105,105,210,19.470514285714287,481,484,965,16.108377202072543,8610,19.274893379790942,8610,18.763077001204824,20.02885714285714,24.468,50.13937282229965,0.3832752613240418,0.0,2302,1357,3480,26.736353077816492,193,124,113,7597,18.634344033761337,696,20.05463695218043,107,21.60422738935181,210,17.691912888144994,755,15.67343972571273,8610,14.633937282229965,15.803999999999998,21.168,0.03484320557491289,0.0,,,,,,,,,,13,13,13,2,0,0,0,11,0.0,45,no
C1_H75,9365,2848.820140000332,21.00085408812999,19.709486580085546,0.926047339384232,0.9777896422851041,0.42765616657768285,15.818859583555724,1.179498131340096,978.1881128000003,1.3815032699999994,0.20642744000000024,0.12394239000000006,0.22504751999999964,315.69827093000026,39.11182999999998,343.3660479527101,7597,52.63551401869159,1.0085560089509016,16.39368566539421,1.1583519810451497,0.44385941819139135,696,49.69252873563219,1.0876436781609196,13.82349137931036,1.8405172413793103,0.45689655172413796,107,220.61682242990653,1.355140186915888,17.725981308411214,0.32710280373831774,0.48598130841121495,755,67.46490066225165,0.5867549668874172,11.141629139072858,0.7593377483443705,0.2596026490066225,210,54.02857142857143,0.7142857142857143,17.48109523809524,1.6985714285714282,0.319047619047619,0,9365,9365,0,0,0,0,0,0,11,0,0,1528,0,0,0,0,0,1146,75.77312390924956,0.6535776614310645,9.404659685863875,32.98429319371728,382,63.68848167539267,0.7303664921465969,7.959869109947644,32.98429319371728,3798,3799,7597,19.12340186915888,401,402,803,19.01503860523038,376,379,755,15.5339761589404,105,105,210,19.78817142857143,481,484,965,16.46058031088083,8610,19.129509407665505,8610,18.559289609936883,19.816714285714287,24.39,48.73403019744483,0.30197444831591175,0.0,2393,1456,3643,27.793263646922185,183,105,104,7597,18.447289642259484,696,19.757412645656867,107,21.28363359967627,210,17.251981584612945,755,15.729543829566854,8610,14.372617421602788,15.624,20.88,0.05807200929152149,0.0,,,,,,,,,,11,11,11,3,0,0,1,7,0.0,46,no
OW_FULL_OBS,9365,1780.7743399999445,22.3070261555684,15.553180304959666,0.7335557928457022,5.950880939668981,0.5695675387079552,22.56749172450616,4.950026695141483,751.0730381100037,1.069337530000004,0.18653973000000018,0.10352777000000035,0.1850386,242.3878062400002,31.79162000000001,421.7676665927403,7597,38.174410951691456,4.909569566934316,21.815895748321644,5.289982887982097,0.5492957746478874,696,45.26724137931034,9.806034482758621,29.321034482758623,4.530172413793104,0.9109195402298851,107,204.19626168224298,0.5046728971962616,5.861028037383178,0.056074766355140186,0.1588785046728972,755,79.18675496688742,13.05430463576159,25.265112582781438,2.197748344370861,0.4900662251655629,210,43.01428571428571,8.08095238095238,26.187952380952364,6.431904761904762,0.6666666666666666,0,9365,9365,0,0,0,0,0,0,0,0,0,1528,0,0,0,0,0,0,0.0,0.0,0.0,0.0,1528,62.81413612565445,0.0,6.663403141361252,0.0,3798,0,3798,31.92444549763033,401,53,454,30.917259911894277,376,379,755,18.467713907284768,105,0,105,28.524685714285717,481,379,860,19.696144186046514,4357,31.737565297222858,4357,29.582552811460452,32.504,40.97134285714286,79.02226302501721,60.38558641266927,35.07000229515722,813,688,1020,18.65962818453064,133,122,86,3798,30.620708891583252,347,27.414069759327443,107,1.9202768097661738,105,27.38646099207999,755,16.55720969580184,4357,31.80282304337847,33.588,41.76,65.73330273123709,39.017672710580676,4141,2260,862,2258,1357,0.0,0,0,inf,0,0,0,0,0,0,0,0,518.7055313288961,42,yes
OW_FULL_OBS,9365,1780.774339999944,22.502483702030432,15.537800263212896,0.7342819006940736,6.20106780565937,0.583342231713828,22.6595483182061,5.050827549386013,751.6383159900006,1.0742747499999994,0.18313967000000003,0.10348649999999984,0.18556599999999965,242.5712225499995,31.868059999999982,422.0851003446199,7597,38.271686191917865,5.239304988811373,21.96814795313941,5.3685665394234565,0.5650914834803212,696,45.22270114942529,9.76867816091954,29.123433908045982,4.525862068965518,0.9080459770114943,107,204.14953271028037,0.5514018691588785,5.81261682242991,0.037383177570093455,0.18691588785046728,755,79.07549668874172,12.907284768211921,25.240185430463562,2.495761589403974,0.5059602649006623,210,42.00952380952381,7.938095238095238,25.55452380952382,7.036666666666667,0.6476190476190476,0,9365,9365,0,0,0,0,0,0,0,0,0,1528,0,0,0,0,0,0,0.0,0.0,0.0,0.0,1528,62.43913612565445,0.0,6.639299738219885,0.0,3798,0,3798,32.03589573459716,401,53,454,30.548696035242298,376,379,755,18.363194701986753,105,0,105,29.391771428571428,481,379,860,19.71041860465116,4357,31.817208170759702,4357,29.62770531442122,32.799600000000005,40.9752,78.83865044755565,60.04131282992885,36.4011934817535,797,677,986,18.292403029607527,136,126,82,3798,30.734261862566225,347,26.767731427203014,107,1.9233863513416234,105,27.285527200702212,755,16.58093748150014,4357,31.904179940325918,33.768,41.904,65.52673858159284,39.52260729859995,,,,,,,,,,0,0,0,0,0,0,0,0,0.0,43,no
OW_FULL_OBS,9365,1780.7743399999445,22.319028682066918,15.621322371322194,0.73035593521979,5.964869193806727,0.5661505605979712,22.421292044847867,4.893005872931127,749.3383098300012,1.0659729300000016,0.1865382699999996,0.10274337000000029,0.18561415999999972,241.82803585000022,31.71300000000002,420.79352391725536,7597,38.00671317625378,4.973147294984862,21.7254982229828,5.232855074371461,0.5470580492299592,696,44.39224137931034,9.242816091954023,28.387614942528735,4.518678160919541,0.9454022988505747,107,204.0841121495327,0.4672897196261682,5.584953271028038,0.08411214953271028,0.11214953271028037,755,79.26225165562914,12.989403973509933,25.240569536423855,2.196423841059603,0.45298013245033114,210,43.2047619047619,8.523809523809524,26.260904761904758,5.984285714285716,0.638095238095238,0,9365,9365,0,0,0,0,0,0,0,0,0,1528,0,0,0,0,0,0,0.0,0.0,0.0,0.0,1528,62.287958115183244,0.0,6.599502617801048,0.0,3798,0,3798,32.335535545023696,401,53,454,30.743762114537457,376,379,755,18.40534569536424,105,0,105,28.529828571428567,481,379,860,19.64143255813953,4357,32.077958228138634,4357,29.824287110893493,32.9256,40.981500000000004,79.61900390176727,61.67087445490016,35.64379159972458,812,692,1014,18.636676612347944,132,121,108,3798,30.944050614691424,347,27.29511454274705,107,1.9227713887609086,105,26.112127834612245,755,16.549522777947214,4357,32.18355382143677,34.164,41.76,66.9497360569199,40.348863897176955,,,,,,,,,,0,0,0,0,0,0,0,0,0.0,44,no
OW_FULL_OBS,9365,1780.7743399999445,22.614834697384488,15.770617669777272,0.7234418935753693,5.945114789108382,0.5708489054991992,21.97758996262683,5.085424452749601,741.1371549399958,1.053267200000002,0.18056664000000008,0.10305821000000018,0.18456266999999907,239.175691839999,31.245049999999974,416.1881369764228,7597,37.50559431354482,4.936948795577202,21.18104514940112,5.391207055416616,0.5445570619981571,696,44.85057471264368,9.777298850574713,28.772356321839084,4.816091954022989,0.9669540229885057,107,204.42990654205607,0.5046728971962616,5.87158878504673,0.04672897196261682,0.17757009345794392,755,79.13774834437086,12.724503311258278,25.139854304635772,2.7328476821192056,0.5019867549668874,210,41.58571428571429,8.114285714285714,25.111047619047614,5.94142857142857,0.6571428571428571,0,9365,9365,0,0,0,0,0,0,0,0,0,1528,0,0,0,0,0,0,0.0,0.0,0.0,0.0,1528,62.36649214659686,0.0,6.615176701570688,0.0,3798,0,3798,32.390834123222746,401,53,454,30.669541850220263,376,379,755,18.436386754966886,105,0,105,30.00582857142857,481,379,860,19.84918604651163,4357,32.15399862290566,4357,30.01668184339486,33.0372,41.061728571428574,79.43539132430571,62.19876061510213,36.60775763139775,801,684,953,18.384209318338307,132,124,95,3798,31.108686695544453,347,27.30217269121981,107,1.9218325422071494,105,28.118102058325263,755,16.552472395969314,4357,32.29833738811109,34.092000000000006,41.76,68.60224925407391,40.188202891898094,,,,,,,,,,0,0,0,0,0,0,0,0,0.0,45,no
OW_FULL_OBS,9365,1780.7743399999445,22.59701857220014,15.624063521927788,0.7302277985406657,6.1106246663107315,0.5712760277629472,22.441832354511522,5.033101975440472,746.1190496200026,1.0631085099999995,0.18677948999999994,0.10331321000000025,0.18516189999999927,240.78811283000013,31.672639999999987,418.9857371934199,7597,37.92997235750954,5.071738844280637,21.66589969724898,5.407397656969862,0.5520600236935632,696,45.03448275862069,9.775862068965518,29.10836206896551,4.699712643678161,0.9166666666666666,107,204.4018691588785,0.5046728971962616,5.831682242990658,0.08411214953271028,0.18691588785046728,755,79.41854304635761,13.082119205298014,25.397695364238405,1.959337748344371,0.47549668874172185,210,42.785714285714285,9.338095238095239,26.25357142857143,6.17,0.6619047619047619,0,9365,9365,0,0,0,0,0,0,0,0,0,1528,0,0,0,0,0,0,0.0,0.0,0.0,0.0,1528,62.356675392670155,0.0,6.613861256544509,0.0,3798,0,3798,32.353146919431275,401,53,454,30.542828193832605,376,379,755,18.341403973509937,105,0,105,30.069599999999994,481,379,860,19.773544186046514,4357,32.10947991737434,4357,29.913065567304987,32.9868,41.03048571428572,79.15997245811339,62.359421620381,36.19462933210925,775,673,962,17.78746844158825,135,121,91,3798,30.973830894147355,347,27.629511322805854,107,1.9131765819206317,105,27.62349159520979,755,16.572346639908254,4357,32.13902685333945,34.019999999999996,41.652,68.02845994950654,40.784943768648155,,,,,,,,,,0,0,0,0,0,0,0,0,0.0,46,no
OW_FULL_DR15,8080,1554.1056899999799,24.177878693328903,17.937968053453485,0.6433498349834983,5.048143564356436,0.29876237623762375,16.313315594059357,3.5374455445544553,588.7967510199985,0.8199932400000021,0.13629787999999965,0.08469951000000005,0.1681903599999996,189.98482641000044,23.899079999999998,378.8653209422367,6452,31.970706757594545,4.120117792932424,15.607703037817666,3.8063406695598245,0.2864228146311221,588,35.26360544217687,6.0272108843537415,19.149761904761895,3.267057823129253,0.4370748299319728,107,204.21495327102804,0.5420560747663551,6.283457943925234,0.09345794392523364,0.19626168224299065,755,74.97483443708609,12.405298013245034,20.736304635761602,1.4891390728476828,0.304635761589404,178,36.11797752808989,6.955056179775281,19.788707865168547,5.442247191011234,0.3258426966292135,0,8080,8080,0,0,0,0,0,0,0,0,0,1528,0,0,0,0,0,0,0.0,0.0,0.0,0.0,1528,62.63023560209424,0.0,6.637873036649205,0.0,3226,0,3226,33.66103781773094,349,53,402,31.97265671641792,376,379,755,18.547056953642386,89,0,89,31.683640449438204,465,379,844,19.93265402843602,3717,33.43108958837773,3717,31.573490476830887,34.144,41.56572857142857,85.25692762980898,66.69357008340059,40.89319343556632,455,386,598,12.24105461393597,110,104,78,3226,32.752426759678755,295,29.952751265550756,107,1.9176173084562926,89,29.866165172072506,755,16.823460496598397,3717,33.46354479418886,34.74,42.480000000000004,71.05192359429648,43.66424535916061,2774,1552,702,1549,975,0.0,0,0,inf,0,0,0,0,0,0,0,0,417.54102771051924,42,yes
OW_FULL_DR15,8080,1554.1056899999799,24.109383231600624,17.764478805621124,0.6496328382838283,5.298762376237624,0.3275990099009901,16.80059777227727,3.5864554455445545,594.4414243399988,0.8231372699999996,0.13979875999999997,0.08555610999999977,0.16862593999999992,191.80749678000058,24.088649999999987,382.4974248308726,6452,32.36903285802852,4.37802231866088,16.098465592064464,3.8312941723496583,0.30889646621202727,588,36.244897959183675,6.256802721088436,20.040952380952383,3.7466496598639476,0.5221088435374149,107,204.11214953271028,0.5794392523364486,5.654859813084114,0.07476635514018691,0.2336448598130841,755,74.53245033112583,12.56953642384106,20.905629139072854,1.4003973509933774,0.32450331125827814,178,37.48876404494382,7.50561797752809,20.834999999999994,5.565842696629212,0.43258426966292135,0,8080,8080,0,0,0,0,0,0,0,0,0,1528,0,0,0,0,0,0,0.0,0.0,0.0,0.0,1528,62.458769633507856,0.0,6.637107329842928,0.0,3226,0,3226,33.7713589584625,349,53,402,31.538597014925372,376,379,755,18.76057748344371,89,0,89,30.29420224719102,465,379,844,19.9772701421801,3717,33.44662469733657,3717,31.5789422053767,34.072,42.06651428571429,84.79956954533226,65.99408124831854,41.53887543718052,459,390,615,12.34866828087167,113,104,68,3226,32.83612062357547,295,29.292317087627243,107,1.9103564368578834,89,29.257992877942584,755,16.91739669072862,3717,33.468435835351094,34.884,42.624,70.56766209308581,44.25612052730697,,,,,,,,,,0,0,0,0,0,0,0,0,0.0,43,no
OW_FULL_DR15,8080,1554.1056899999799,24.201838232263796,17.843571546120593,0.646753300330033,5.189108910891089,0.325990099009901,16.57916707920791,3.570861386138614,592.3217818899991,0.8215424399999985,0.13707227999999977,0.08516433999999985,0.1687505100000006,191.12235884999984,23.999540000000003,381.133526311204,6452,32.21512709237446,4.278363298202108,15.872298512089236,3.8393536887786714,0.3124612523248605,588,35.91326530612245,6.076530612244898,19.93421768707483,3.494948979591838,0.4897959183673469,107,204.26168224299064,0.514018691588785,5.917196261682245,0.08411214953271028,0.19626168224299065,755,74.4251655629139,12.552317880794702,20.70246357615894,1.256026490066225,0.31125827814569534,178,36.68539325842696,6.848314606741573,20.03808988764044,6.004044943820223,0.4157303370786517,0,8080,8080,0,0,0,0,0,0,0,0,0,1528,0,0,0,0,0,0,0.0,0.0,0.0,0.0,1528,62.54515706806283,0.0,6.634253926701572,0.0,3226,0,3226,33.76170613763175,349,53,402,32.050656716417905,376,379,755,18.75514172185431,89,0,89,31.04211235955056,465,379,844,20.05054976303318,3717,33.511535108958846,3717,31.64445897213733,34.12800000000001,41.71062857142857,84.69195587839656,68.33467850417003,40.97390368576809,441,409,600,11.864406779661017,109,103,77,3226,32.84343580066747,295,30.06452849395646,107,1.9170235030563618,89,29.16149085322463,755,16.962246539653545,3717,33.51573849878935,34.884,42.300000000000004,71.96663976324993,44.12160344363734,,,,,,,,,,0,0,0,0,0,0,0,0,0.0,44,no
OW_FULL_DR15,8080,1554.1056899999799,24.107248248734372,17.940959210374185,0.6432425742574258,5.137747524752475,0.3047029702970297,16.364866336633618,3.5790297029702973,587.9984991999991,0.8196015099999974,0.13372852999999973,0.08473339999999965,0.16792387,189.7259067499993,24.314269999999993,378.35168031590354,6452,31.95272783632982,4.229851208927465,15.636690948543075,3.8044807811531296,0.2893676379417235,588,35.76190476190476,6.091836734693878,19.66789115646257,3.369098639455783,0.46598639455782315,107,204.4018691588785,0.5046728971962616,5.6985981308411215,0.07476635514018691,0.16822429906542055,755,74.80529801324504,12.505960264900661,20.892993377483464,1.8494039735099337,0.3152317880794702,178,35.438202247191015,6.426966292134831,19.05342696629213,5.543370786516854,0.3651685393258427,0,8080,8080,0,0,0,0,0,0,0,0,0,1528,0,0,0,0,0,0,0.0,0.0,0.0,0.0,1528,62.85078534031414,0.0,6.6721400523560295,0.0,3226,0,3226,33.814545567265974,349,53,402,31.838238805970157,376,379,755,18.624301986754965,89,0,89,31.69334831460674,465,379,844,20.00218009478673,3717,33.55001452784504,3717,31.76142691588443,34.184,41.7447,85.98331988162496,68.17325800376648,41.64648910411622,453,376,591,12.18724778046812,115,106,84,3226,32.97004730595642,295,29.721146714410363,107,1.931536866186866,89,30.577960807797435,755,16.842113016221365,3717,33.651864406779666,34.884,42.443999999999996,73.55394135055153,44.040893193435565,,,,,,,,,,0,0,0,0,0,0,0,0,0.0,45,no
OW_FULL_DR15,8080,1554.10568999998,24.153372946985638,17.87789663326323,0.6455115511551155,5.244678217821782,0.3243811881188119,16.498804455445516,3.591653465346534,590.6430155300015,0.8208685199999987,0.14158569000000001,0.08515119999999998,0.16834402000000012,190.5816566500001,24.169539999999998,380.0533125453064,6452,32.100278983261006,4.327340359578425,15.780362678239266,3.822769683818969,0.3119962802231866,588,35.73299319727891,6.210884353741497,19.77163265306123,3.5136564625850353,0.48639455782312924,107,204.42056074766356,0.5420560747663551,5.735607476635513,0.056074766355140186,0.21495327102803738,755,74.52582781456954,12.325827814569536,20.559245033112564,1.7527152317880792,0.30596026490066225,178,37.53932584269663,8.095505617977528,20.97629213483146,5.397303370786516,0.38202247191011235,0,8080,8080,0,0,0,0,0,0,0,0,0,1528,0,0,0,0,0,0,0.0,0.0,0.0,0.0,1528,62.44437172774869,0.0,6.617179319371735,0.0,3226,0,3226,33.7898053316801,349,53,402,31.866985074626868,376,379,755,18.598839735099336,89,0,89,29.495730337078655,465,379,844,19.746981042654024,3717,33.47903147699758,3717,31.686862507964225,34.196,41.5125,84.98789346246973,68.76513317191284,39.87086359967716,441,390,576,11.864406779661017,112,105,81,3226,32.90050664936351,295,30.038405140484205,107,1.916367131757011,89,28.951153839500186,755,16.841424373095077,3717,33.52338014527845,34.848,42.048,72.666128598332,43.52972827549099,,,,,,,,,,0,0,0,0,0,0,0,0,0.0,46,no
OW_FULL_DR30,6820,1330.17783000001,25.060059734109444,18.888087611970466,0.6195674486803519,5.254838709677419,0.1904692082111437,13.778055718475086,2.570824046920825,483.79702976999897,0.6452603000000031,0.11346967000000001,0.07424318999999983,0.15483765,156.0675730500001,17.542600000000007,363.7085349482898,5315,29.22615239887112,4.163311382878645,12.858048918156145,2.8493000940733797,0.1793038570084666,495,32.484848484848484,5.993939393939394,16.46319191919191,2.715676767676768,0.24444444444444444,107,204.2336448598131,0.5607476635514018,5.898504672897196,0.06542056074766354,0.21495327102803738,755,72.92582781456953,12.309933774834438,18.566423841059603,0.8666225165562915,0.22251655629139072,148,35.12162162162162,9.385135135135135,19.10635135135135,2.5907432432432427,0.22972972972972974,0,6820,6820,0,0,0,0,0,0,0,0,0,1528,0,0,0,0,0,0,0.0,0.0,0.0,0.0,1528,62.647905759162306,0.0,6.649332460732988,0.0,2658,0,2658,34.89614898419864,300,53,353,32.076713881019835,376,379,755,18.65376953642384,73,0,73,32.61304109589041,449,379,828,19.88417391304348,3084,34.51938910505836,3084,32.57841188006107,34.614000000000004,42.17708571428571,86.73800259403372,70.13618677042801,42.38002594033723,288,228,377,9.33852140077821,97,90,66,2658,34.07995079778683,246,30.126047632845655,107,1.926353067371066,73,31.098431804139924,755,17.011134917490292,3084,34.545478599221795,35.352000000000004,42.876000000000005,74.64332036316472,46.56290531776913,2055,1174,618,1171,760,0.0,0,0,inf,0,0,0,0,0,0,0,0,380.67444876783395,42,yes
OW_FULL_DR30,6820,1330.17783000001,25.093367424919293,18.93349328441136,0.6180816226783968,5.32565982404692,0.2,13.866714076246303,2.6602668621700944,487.2896770999993,0.6466284299999978,0.1123705400000001,0.07435887000000016,0.1552646499999998,157.19623833000023,17.912110000000002,366.3342344985524,5315,29.235371589840074,4.266415804327376,13.016686735653785,2.969337723424274,0.18701787394167452,495,32.31111111111111,6.1454545454545455,16.247757575757575,2.824767676767677,0.2909090909090909,107,204.09345794392524,0.5046728971962616,5.8781308411214965,0.056074766355140186,0.1588785046728972,755,72.15364238410596,12.202649006622517,18.440410596026474,0.8441059602649007,0.22913907284768212,148,35.304054054054056,9.027027027027026,18.8729054054054,2.1583108108108107,0.24324324324324326,0,6820,6820,0,0,0,0,0,0,0,0,0,1528,0,0,0,0,0,0,0.0,0.0,0.0,0.0,1528,62.58442408376963,0.0,6.666027486910998,0.0,2658,0,2658,35.09972911963883,300,53,353,32.54665155807364,376,379,755,18.891035761589407,73,0,73,31.91819178082192,449,379,828,20.039652173913048,3084,34.732190661478604,3084,32.81474815991078,34.882000000000005,42.614582142857145,88.42412451361868,69.16342412451363,44.77950713359274,277,243,397,8.981841763942931,99,96,67,2658,34.289580980692996,246,30.71588961148066,107,1.9233284659842873,73,31.466740934222912,755,17.223903970510552,3084,34.73170038910506,35.622,43.056000000000004,74.44876783398185,47.892347600518804,,,,,,,,,,0,0,0,0,0,0,0,0,0.0,43,no
OW_FULL_DR30,6820,1330.17783000001,25.07405127043765,18.88138487561968,0.6197873900293255,5.285777126099707,0.19545454545454546,13.893536656891458,2.61671847507332,486.23656581999956,0.6480293299999995,0.11230678999999956,0.07437565000000024,0.15523283999999987,156.85683366000023,17.525420000000004,365.5425273626729,5315,29.290498588899343,4.24346190028222,12.99167826904983,2.8604007525870205,0.18231420507996238,495,32.38989898989899,6.074747474747475,16.335898989898993,2.89749494949495,0.28888888888888886,107,204.13084112149534,0.45794392523364486,5.7489719626168245,0.04672897196261682,0.1308411214953271,755,72.61456953642384,12.174834437086092,18.71143046357614,1.008344370860927,0.23443708609271524,148,35.398648648648646,8.425675675675675,19.423040540540537,2.9893918918918914,0.20270270270270271,0,6820,6820,0,0,0,0,0,0,0,0,0,1528,0,0,0,0,0,0,0.0,0.0,0.0,0.0,1528,62.66557591623037,0.0,6.653664921465984,0.0,2658,0,2658,35.26655079006771,300,53,353,32.5740849858357,376,379,755,18.84950463576159,73,0,73,31.824986301369872,449,379,828,19.992347826086963,3084,34.876902723735405,3084,32.90428562002099,34.824,42.268950000000004,88.5538261997406,72.04928664072634,44.29312581063554,271,236,380,8.787289234760053,101,93,76,2658,34.395674371308075,246,30.87041459636234,107,1.909126198031997,73,30.886518894702995,755,17.09036568541022,3084,34.879856031128405,35.532,42.93179999999999,77.01037613488975,47.43839169909209,,,,,,,,,,0,0,0,0,0,0,0,0,0.0,44,no
OW_FULL_DR30,6820,1330.17783000001,25.110691411794136,18.85833404088591,0.6205449657869013,5.242668621700879,0.20527859237536658,13.829187683284417,2.696043988269801,483.3788547800003,0.6434249200000005,0.11390034999999994,0.07421815000000015,0.15429141000000066,155.93355020000013,17.410340000000012,363.39415969667505,5315,29.210348071495766,4.156161806208843,12.863939793038535,2.9559793038570117,0.19190968955785512,495,32.65050505050505,5.94949494949495,16.673878787878802,2.8550707070707073,0.298989898989899,107,204.33644859813083,0.5420560747663551,5.797196261682246,0.08411214953271028,0.18691588785046728,755,73.28344370860927,12.251655629139073,18.747377483443696,1.073245033112583,0.2251655629139073,148,35.939189189189186,9.54054054054054,19.69648648648648,2.9961486486486484,0.28378378378378377,0,6820,6820,0,0,0,0,0,0,0,0,0,1528,0,0,0,0,0,0,0.0,0.0,0.0,0.0,1528,62.46138743455497,0.0,6.62072643979058,0.0,2658,0,2658,34.84255530474041,300,53,353,31.924759206798868,376,379,755,18.62325298013245,73,0,73,32.67369863013698,449,379,828,19.862173913043474,3084,34.45724124513619,3084,32.50284246296759,34.6,42.3594,87.2568093385214,68.90402075226977,42.93125810635538,282,250,408,9.14396887159533,99,95,71,2658,33.99628093091072,246,30.0512592091092,107,1.934973750780761,73,31.191773762424013,755,16.84447059390386,3084,34.498692607003896,35.370000000000005,42.984,74.18936446173801,46.82230869001297,,,,,,,,,,0,0,0,0,0,0,0,0,0.0,45,no
OW_FULL_DR30,6820,1330.17783000001,24.95048975477585,18.789075652409476,0.6228323558162268,5.296041055718475,0.21143695014662756,14.109664222873967,2.7104134897360774,487.77895471000016,0.6535829400000015,0.1143159699999999,0.07425685000000011,0.1551020099999999,157.3572897799998,17.669259999999994,366.7020632196196,5315,29.489369708372532,4.196989651928504,13.219736594543718,2.978933207902167,0.20432737535277518,495,32.37373737373738,6.078787878787879,16.443414141414134,2.8772929292929303,0.23434343434343435,107,204.46728971962617,0.5046728971962616,5.631495327102803,0.06542056074766354,0.19626168224299065,755,72.8317880794702,12.347019867549669,19.028026490066207,1.0480794701986755,0.2410596026490066,148,35.37837837837838,9.641891891891891,19.30263513513513,2.901554054054053,0.25,0,6820,6820,0,0,0,0,0,0,0,0,0,1528,0,0,0,0,0,0,0.0,0.0,0.0,0.0,1528,62.375,0.0,6.62957460732984,0.0,2658,0,2658,34.977643340857796,300,53,353,31.97779036827196,376,379,755,18.844116556291393,73,0,73,31.446246575342467,449,379,828,19.954956521739128,3084,34.55068482490273,3084,32.56824958172696,34.71,42.13292142857142,86.96498054474708,70.52529182879377,43.35278858625162,315,262,418,10.214007782101167,109,102,86,2658,34.02265215846597,246,30.730152332057276,107,1.9124737643348675,73,30.74000145717087,755,16.972138043216315,3084,34.58279766536965,35.244,42.732,76.10246433203632,46.271076523994815,,,,,,,,,,0,0,0,0,0,0,0,0,0.0,46,no
OW_REDUCED_OBS,9365,2246.4353100002836,24.233310575947314,17.35417518621184,0.8293415198433886,5.9329418045915645,0.6254137746930059,23.845655098771942,6.6635344367325136,874.110456339998,1.2635516100000006,0.21064829000000007,0.11755781999999977,0.20822521999999877,282.11706947000044,36.911630000000024,389.1100057272015,7597,44.61682242990654,4.947084375411347,23.33437936027374,7.206923785704883,0.6223509279978939,696,50.83477011494253,9.53735632183908,29.95420977011497,5.420977011494253,0.8994252873563219,107,203.77570093457945,0.48598130841121495,5.859252336448597,0.45794392523364486,0.14018691588785046,755,78.94834437086092,12.683443708609271,25.01468874172186,2.8109933774834435,0.46225165562913906,210,48.86666666666667,8.157142857142857,27.057714285714294,8.136666666666668,0.6619047619047619,0,9365,9365,0,0,0,0,0,0,0,0,0,1528,0,0,0,0,0,0,0.0,0.0,0.0,0.0,1528,62.80235602094241,0.0,6.65162303664921,0.0,3798,0,3798,31.87198104265403,401,53,454,31.123348017621137,376,379,755,18.33353642384106,105,0,105,29.242285714285714,481,379,860,19.66479069767442,4357,31.73059995409686,4357,29.686540659893144,32.6628,40.875299999999996,80.00918062887308,60.77576313977507,35.047050722974525,776,655,1007,17.810420013770944,133,124,93,3798,30.72539220120737,347,27.52959473879961,107,1.9283868761881335,105,27.524869570030923,755,16.555222208241666,4357,31.830238237319257,33.66,41.688,65.98577002524672,39.27014000459032,4141,2268,875,2267,1327,0.0,0,0,inf,0,0,0,0,0,0,0,0,520.5416571035116,42,yes
OW_REDUCED_OBS,9365,2246.4353100002836,24.54945494112683,17.52001125659889,0.8214913685709201,5.864495461825948,0.6147357180993059,23.474918312867107,6.641857981847304,868.448755639997,1.2624493300000028,0.2067267299999996,0.11698639999999999,0.2077930899999993,280.2913546500003,37.023030000000006,386.58970136998397,7597,44.163617217322624,4.933658022903778,22.987067263393484,7.169935500855604,0.6103725154666315,696,50.45402298850575,9.17816091954023,29.467155172413786,5.356321839080461,0.9022988505747126,107,203.49532710280374,0.5607476635514018,5.82271028037383,0.6542056074766355,0.205607476635514,755,78.34569536423841,12.527152317880795,24.517019867549656,2.5182781456953642,0.43443708609271525,210,47.82857142857143,7.304761904761905,26.511142857142854,9.674761904761906,0.6761904761904762,0,9365,9365,0,0,0,0,0,0,0,0,0,1528,0,0,0,0,0,0,0.0,0.0,0.0,0.0,1528,62.42146596858639,0.0,6.62162958115182,0.0,3798,0,3798,32.14741232227488,401,53,454,30.64702202643171,376,379,755,18.36500662251656,105,0,105,28.619314285714278,481,379,860,19.61686046511628,4357,31.906047280238692,4357,29.612498860016213,32.619600000000005,40.91567142857143,78.44847372044985,60.29378012393849,36.12577461556116,859,718,1049,19.71540050493459,136,124,97,3798,30.687451537391723,347,27.05951824005814,107,1.922638159323286,105,27.384204587896328,755,16.59118336323663,4357,32.093607528115676,33.984,41.76,67.43171907275648,40.32591232499426,,,,,,,,,,0,0,0,0,0,0,0,0,0.0,43,no
OW_REDUCED_OBS,9365,2246.4353100002836,24.241119089265187,17.19784689192826,0.8368802277985407,6.088627869727709,0.6384410037373198,24.352828617191605,6.5879337960491196,876.1771409400005,1.2684817800000008,0.2088178400000003,0.11788871000000037,0.2082851199999999,282.78464561000095,37.26517,390.02998975291655,7597,45.049361590101356,5.139002237725418,23.844037119915722,7.090825325786498,0.6309069369487956,696,51.62931034482759,9.692528735632184,30.744295977011486,5.14080459770115,0.9626436781609196,107,203.62616822429908,0.5700934579439252,5.637102803738316,0.514018691588785,0.22429906542056074,755,79.56026490066225,12.69271523178808,25.53884768211918,2.738145695364238,0.46622516556291393,210,48.63333333333333,7.566666666666666,26.84790476190475,10.127142857142859,0.6666666666666666,0,9365,9365,0,0,0,0,0,0,0,0,0,1528,0,0,0,0,0,0,0.0,0.0,0.0,0.0,1528,62.289267015706805,0.0,6.600811518324608,0.0,3798,0,3798,32.089639810426526,401,53,454,30.722035242290747,376,379,755,18.386415894039732,105,0,105,28.545257142857146,481,379,860,19.626320930232556,4357,31.861718613725028,4357,29.61167727330827,32.943599999999996,40.94215714285714,78.37961900390177,60.6610052788616,35.50608216662842,842,721,1048,19.325223777828782,142,129,99,3798,30.710615848508034,347,27.041940577934216,107,1.9287027048211067,105,26.564136354396105,755,16.473659979264617,4357,31.977535001147576,33.984,41.832,66.62841404636218,40.28000918062887,,,,,,,,,,0,0,0,0,0,0,0,0,0.0,44,no
OW_REDUCED_OBS,9365,2246.4353100002836,24.451949383080787,17.400214116970876,0.8271471792133832,6.1332621462893755,0.6257341163908169,23.73839829151091,6.550133475707421,870.2413518699975,1.261779669999992,0.2132401799999994,0.11830433000000025,0.20794359000000054,280.8665579600001,36.960379999999994,387.38767504054573,7597,44.383309201000394,5.118072923522443,23.14215348163749,7.051730946426221,0.6206397262077136,696,51.73132183908046,10.10632183908046,30.71550287356323,5.594827586206897,0.9439655172413793,107,203.88785046728972,0.5794392523364486,5.977850467289718,0.6355140186915887,0.22429906542056074,755,78.74569536423841,12.664900662251656,24.74468874172187,2.7633112582781454,0.42649006622516555,210,49.142857142857146,9.038095238095238,27.61571428571428,8.19857142857143,0.6761904761904762,0,9365,9365,0,0,0,0,0,0,0,0,0,1528,0,0,0,0,0,0,0.0,0.0,0.0,0.0,1528,62.36256544502618,0.0,6.611250000000007,0.0,3798,0,3798,32.39397156398104,401,53,454,30.5973832599119,376,379,755,18.43438410596027,105,0,105,29.803200000000004,481,379,860,19.82172558139535,4357,32.144331420702315,4357,29.85589394553563,33.0012,41.0787,78.79274730319027,61.69382602708286,35.89625889373422,851,707,998,19.531787927473033,140,124,97,3798,30.936423675199418,347,27.165100727897823,107,1.9156294092679722,105,28.13648098018226,755,16.537880254982277,4357,32.23525269680974,34.164,41.868,67.29400963966032,39.7291714482442,,,,,,,,,,0,0,0,0,0,0,0,0,0.0,45,no
OW_REDUCED_OBS,9365,2246.4353100002836,24.60646585548732,17.488791825615287,0.8229578216764549,6.02455953016551,0.614095034703684,23.554703683929493,6.330165509877203,866.3673649400025,1.257423610000006,0.21125577000000023,0.11722087999999985,0.20754984000000015,279.6214238799998,37.40854000000001,385.6631709282976,7597,44.1588785046729,5.026721074108201,22.98575490325123,6.824009477425302,0.6122153481637489,696,50.797413793103445,9.52155172413793,29.963448275862067,5.17816091954023,0.860632183908046,107,203.86915887850466,0.5233644859813084,5.779532710280375,0.5794392523364486,0.16822429906542055,755,78.89139072847682,12.851655629139072,24.877947019867538,2.3169536423841057,0.4384105960264901,210,48.63333333333333,8.790476190476191,27.196190476190466,9.641428571428573,0.7238095238095238,0,9365,9365,0,0,0,0,0,0,0,0,0,1528,0,0,0,0,0,0,0.0,0.0,0.0,0.0,1528,62.359947643979055,0.0,6.61713350785341,0.0,3798,0,3798,32.27854028436018,401,53,454,30.744475770925106,376,379,755,18.506098013245033,105,0,105,30.083657142857145,481,379,860,19.919930232558134,4357,32.06579573100757,4357,29.88875204009204,33.052,40.9995,78.76979573100758,62.68074363093872,36.19462933210925,809,706,948,18.567821895799863,133,121,88,3798,30.939725843948708,347,27.77676177072568,107,1.9208011867545307,105,27.3538268756122,755,16.559241773754064,4357,32.17131696121184,34.164,41.616,67.91370208859307,40.394767041542345,,,,,,,,,,0,0,0,0,0,0,0,0,0.0,46,no
OW_REDUCED_DR15,8080,1949.1456100002606,26.265588786672073,19.58153114326161,0.7391584158415843,5.1319306930693065,0.3589108910891089,17.67179455445538,3.8440049504950498,692.4366936399994,0.9870971300000008,0.15995348999999967,0.09692512999999997,0.18773698000000083,223.45184928999933,28.151479999999996,355.25139327066836,6452,38.44218846869188,4.276193428394296,17.15555176689388,4.079744265344079,0.36035337879727214,588,41.554421768707485,5.758503401360544,20.529727891156437,3.440527210884355,0.4489795918367347,107,203.80373831775702,0.5233644859813084,6.317476635514014,0.42990654205607476,0.1588785046728972,755,74.7205298013245,12.137748344370861,20.47900662251656,2.0043708609271524,0.2913907284768212,178,43.03370786516854,7.134831460674158,21.861685393258433,6.487191011235954,0.4157303370786517,0,8080,8080,0,0,0,0,0,0,0,0,0,1528,0,0,0,0,0,0,0.0,0.0,0.0,0.0,1528,62.63089005235602,0.0,6.638527486910985,0.0,3226,0,3226,33.61576441413515,349,53,402,31.93898507462686,376,379,755,18.528651655629137,89,0,89,32.0634606741573,465,379,844,19.956454976303313,3717,33.39724939467312,3717,31.547844621004447,34.12,41.66961428571428,85.01479687920366,66.72047350013452,41.458165186978746,463,398,617,12.456281947807371,113,105,78,3226,32.72428719792517,295,30.000111699127192,107,1.9109193204599613,89,29.666141991406526,755,16.796063087288346,3717,33.47092493946731,34.884,42.336,71.56308851224105,44.498251277912296,2836,1573,718,1569,993,0.0,0,0,inf,0,0,0,0,0,0,0,0,423.1907452246435,42,yes
OW_REDUCED_DR15,8080,1949.1456100002606,26.355630016616278,19.500339588037157,0.7422359735973597,5.319183168316831,0.3563118811881188,17.998683168316795,3.7995742574257423,696.4567427199986,0.9877215800000001,0.1581099100000003,0.09744875000000011,0.18829070000000064,224.74798431999952,28.725400000000008,357.3138605688394,6452,38.66429014259145,4.479386236825791,17.511738995660274,3.987524798512088,0.35198388096714195,588,42.13265306122449,6.034013605442177,21.028435374149666,3.8333843537414976,0.4914965986394558,107,203.82242990654206,0.5327102803738317,5.777476635514018,0.4485981308411215,0.16822429906542055,755,74.38145695364238,12.275496688741722,20.732450331125836,1.8441059602649008,0.2993377483443709,178,42.88202247191011,6.769662921348314,21.391629213483142,7.183820224719101,0.42134831460674155,0,8080,8080,0,0,0,0,0,0,0,0,0,1528,0,0,0,0,0,0,0.0,0.0,0.0,0.0,1528,62.467277486910994,0.0,6.64561518324607,0.0,3226,0,3226,33.7493081215127,349,53,402,31.5733432835821,376,379,755,18.71046357615894,89,0,89,30.474606741573037,465,379,844,19.950696682464457,3717,33.4355641646489,3717,31.57410210965392,34.076,42.0075,84.79956954533226,66.02098466505247,41.53887543718052,467,408,635,12.563895614743073,110,102,74,3226,32.82888088332801,295,29.34527974566509,107,1.9141715711773526,89,29.138134032362665,755,16.927055956201762,3717,33.4929588377724,34.812,42.696,70.863599677159,44.040893193435565,,,,,,,,,,0,0,0,0,0,0,0,0,0.0,43,no
OW_REDUCED_DR15,8080,1949.1456100002604,26.314598717009634,19.523018312941858,0.7413737623762376,5.319306930693069,0.377970297029703,17.882839108910858,3.7728415841584146,697.3410024000002,0.9863062200000011,0.15665099999999998,0.09727583999999956,0.1881181100000005,225.03328488999978,28.38171,357.76752584426316,6452,38.634531928084314,4.481091134531928,17.387081525108517,4.009533477991321,0.37678239305641664,588,41.97108843537415,5.918367346938775,21.13214285714287,3.5969897959183683,0.5068027210884354,107,203.65420560747663,0.514018691588785,5.817383177570094,0.5233644859813084,0.17757009345794392,755,74.35894039735099,12.327152317880795,20.63456953642386,1.8149668874172185,0.31125827814569534,178,42.342696629213485,6.887640449438202,20.700168539325844,6.032134831460673,0.398876404494382,0,8080,8080,0,0,0,0,0,0,0,0,0,1528,0,0,0,0,0,0,0.0,0.0,0.0,0.0,1528,62.550392670157066,0.0,6.639489528795811,0.0,3226,0,3226,33.75774457532548,349,53,402,32.11307462686566,376,379,755,18.786468874172186,89,0,89,29.79869662921348,465,379,844,19.947497630331757,3717,33.48507506053269,3717,31.63948376093619,34.156,41.717828571428576,85.01479687920366,67.82351358622545,41.000807102502016,457,396,583,12.29486144740382,112,102,76,3226,32.848286743704776,295,29.85439311251771,107,1.9238037251376747,89,29.466237499165693,755,16.953379179019187,3717,33.49385956416465,34.884,42.264,71.80521926284638,43.42211460855528,,,,,,,,,,0,0,0,0,0,0,0,0,0.0,44,no
OW_REDUCED_DR15,8080,1949.1456100002606,26.42970307017453,19.704870797894245,0.7345317656765676,5.186881188118812,0.34777227722772275,17.474189356435616,3.7801435643564356,689.49777,0.9801937300000009,0.1541584800000003,0.0976398700000001,0.18741716999999916,222.49835176000056,28.260789999999997,353.74359230140215,6452,38.06881587104774,4.263949163050217,16.86299132052084,4.035726906385616,0.34051456912585243,588,42.70238095238095,6.583333333333333,21.65925170068029,3.3759013605442187,0.5119047619047619,107,204.0841121495327,0.4485981308411215,5.672616822429906,0.38317757009345793,0.12149532710280374,755,74.32582781456954,12.449006622516556,20.401562913907277,1.689139072847682,0.29403973509933773,178,41.67977528089887,6.073033707865169,20.48112359550562,6.762471910112361,0.43258426966292135,0,8080,8080,0,0,0,0,0,0,0,0,0,1528,0,0,0,0,0,0,0.0,0.0,0.0,0.0,1528,62.855366492146594,0.0,6.676721204188491,0.0,3226,0,3226,33.96124612523249,349,53,402,31.770895522388066,376,379,755,18.73511523178808,89,0,89,32.054966292134836,465,379,844,20.14008056872038,3717,33.678711864406786,3717,31.88810334330384,34.260000000000005,41.8041,86.333064299166,68.87274683884853,41.91552327145548,441,381,572,11.864406779661017,111,103,77,3226,33.11192784168243,295,29.72617168455423,107,1.9271469629058107,89,30.71433188560035,755,16.910572918109306,3717,33.73014043583535,34.92,42.228,73.44632768361582,43.906376109765944,,,,,,,,,,0,0,0,0,0,0,0,0,0.0,45,no
OW_REDUCED_DR15,8080,1949.1456100002606,26.30478653416623,19.571863840614466,0.739523514851485,5.171287128712871,0.3530940594059406,17.776771039603954,3.83459900990099,692.182119939999,0.9853448999999997,0.1609271199999999,0.09695392000000025,0.1876066600000002,223.36991285999974,28.68039000000001,355.12078542962547,6452,38.46822690638562,4.312151270923745,17.250257284562924,4.035726906385616,0.3513639181649101,588,41.874149659863946,5.755102040816326,21.095918367346954,3.777261904761905,0.46258503401360546,107,204.02803738317758,0.5327102803738317,5.687009345794394,0.4672897196261682,0.17757009345794392,755,74.41059602649007,12.116556291390728,20.42822516556292,2.0666225165562913,0.2993377483443709,178,43.20786516853933,7.713483146067416,21.91814606741574,6.256853932584269,0.38764044943820225,0,8080,8080,0,0,0,0,0,0,0,0,0,1528,0,0,0,0,0,0,0.0,0.0,0.0,0.0,1528,62.44698952879581,0.0,6.619797120418856,0.0,3226,0,3226,33.71626534407935,349,53,402,31.792746268656714,376,379,755,18.603512582781455,89,0,89,30.478247191011235,465,379,844,19.855791469194305,3717,33.43070217917675,3717,31.608074498557198,34.156,41.499514285714284,84.01937046004842,67.95803066989508,39.95157384987893,468,402,593,12.590799031476998,115,106,73,3226,32.80193239530649,295,30.055065493460706,107,1.9164205710032227,89,29.178400923709347,755,16.823086543373623,3717,33.49682324455206,34.668000000000006,42.228,72.82754909873555,43.153080441216034,,,,,,,,,,0,0,0,0,0,0,0,0,0.0,46,no
OW_REDUCED_DR30,6820,1656.5675200001767,27.15463723321636,20.51307450365514,0.7104692082111437,5.31158357771261,0.21994134897360704,14.933582111436998,2.653228739002939,568.0743039900001,0.7812538800000005,0.1317314799999997,0.08437009000000022,0.1708204399999999,183.28253931999987,21.31126999999999,342.922517272305,5315,35.45663217309502,4.273565380997177,14.168097836312365,2.879215428033869,0.21448730009407338,495,38.81414141414142,5.844444444444444,17.830121212121213,2.7459797979797984,0.2767676767676768,107,203.79439252336448,0.5327102803738317,5.798878504672897,0.40186915887850466,0.18691588785046728,755,72.94437086092715,12.10728476821192,18.57300662251659,1.2467549668874174,0.22119205298013245,148,41.75675675675676,9.594594594594595,20.774189189189194,3.029932432432432,0.24324324324324326,0,6820,6820,0,0,0,0,0,0,0,0,0,1528,0,0,0,0,0,0,0.0,0.0,0.0,0.0,1528,62.63743455497382,0.0,6.638861256544505,0.0,2658,0,2658,34.897869074492085,300,53,353,32.14871388101982,376,379,755,18.67718145695364,73,0,73,32.77134246575343,449,379,828,19.92039130434783,3084,34.53285992217898,3084,32.622627929255,34.616,42.08480357142857,87.54863813229572,70.03891050583658,43.02853437094682,262,223,382,8.495460440985733,93,85,68,2658,34.103597486211044,246,30.379921502763466,107,1.9056874327041498,73,31.280180417730655,755,17.03510747370104,3084,34.50326848249027,35.316,42.75179999999999,74.15693904020752,46.335927367055774,2021,1175,631,1173,755,0.0,0,0,inf,0,0,0,0,0,0,0,0,380.99870298313874,42,yes
OW_REDUCED_DR30,6820,1656.5675200001767,27.405198209783713,20.663900707551008,0.7052834799608994,5.271114369501467,0.22653958944281524,14.846536656891509,2.7180381231671618,569.2852370399995,0.7783591600000012,0.12978170999999997,0.08436274000000002,0.17140347999999966,183.67246974999995,21.447980000000005,343.6535065228967,5315,35.20602069614299,4.252681091251176,14.119651928504274,2.969525870178742,0.21862652869238006,495,38.54343434343434,5.925252525252525,17.558808080808088,2.8651717171717177,0.30303030303030304,107,203.7570093457944,0.616822429906542,5.80747663551402,0.3925233644859813,0.2523364485981308,755,72.1841059602649,12.047682119205298,18.48222516556292,1.097086092715232,0.2251655629139073,148,41.229729729729726,8.452702702702704,19.86716216216216,3.144797297297297,0.24324324324324326,0,6820,6820,0,0,0,0,0,0,0,0,0,1528,0,0,0,0,0,0,0.0,0.0,0.0,0.0,1528,62.58115183246073,0.0,6.6627552356020985,0.0,2658,0,2658,35.37097516930023,300,53,353,32.70615297450425,376,379,755,18.943962913907285,73,0,73,31.639561643835616,449,379,828,20.063739130434783,3084,34.97763035019456,3084,33.02366498888932,35.036,42.545378571428564,89.36446173800259,70.3307392996109,45.654993514915695,280,240,420,9.07911802853437,97,93,64,2658,34.50732790035644,246,31.058364372131077,107,1.9210205205091668,73,31.213677196555512,755,17.237461397880686,3084,35.008108949416346,35.676,43.2,75.35667963683528,48.313878080415044,,,,,,,,,,0,0,0,0,0,0,0,0,0.0,43,no
OW_REDUCED_DR30,6820,1656.5675200001767,27.359693403876577,20.62630762845742,0.7065689149560117,5.312316715542522,0.2250733137829912,14.820071847507345,2.6413519061583637,567.8746125399992,0.7790592600000027,0.1294663599999999,0.08407305,0.17127361000000066,183.21650602000008,21.215680000000013,342.8019719594277,5315,35.30950141110066,4.337347130761994,14.117663217309579,2.8310498588899367,0.21919096895578552,495,38.27272727272727,5.678787878787879,17.241555555555575,2.935878787878788,0.2909090909090909,107,203.83177570093457,0.5420560747663551,5.668224299065418,0.32710280373831774,0.19626168224299065,755,72.37880794701987,12.003973509933775,18.476423841059585,1.4268874172185433,0.2251655629139073,148,40.92567567567568,8.412162162162161,19.910405405405402,2.712364864864864,0.23648648648648649,0,6820,6820,0,0,0,0,0,0,0,0,0,1528,0,0,0,0,0,0,0.0,0.0,0.0,0.0,1528,62.651178010471206,0.0,6.639267015706823,0.0,2658,0,2658,35.24538148984199,300,53,353,32.387150141643055,376,379,755,18.846071523178807,73,0,73,31.521205479452053,449,379,828,19.963,3084,34.830070038910506,3084,32.85792366809661,34.964,42.28624285714286,88.3916990920882,72.01686121919585,44.71465629053178,279,247,400,9.04669260700389,100,97,67,2658,34.341602875979504,246,30.832983659455063,107,1.9154742722442364,73,31.013512612333596,755,17.12927760368773,3084,34.843470817120625,35.496,43.03979999999999,76.39429312581063,47.37354085603113,,,,,,,,,,0,0,0,0,0,0,0,0,0.0,44,no
OW_REDUCED_DR30,6820,1656.5675200001767,27.3209018418044,20.471177890905285,0.711923264907136,5.334457478005865,0.23900293255131966,15.029407624633397,2.673316715542529,568.6874944199997,0.7806704499999995,0.1303282100000005,0.0843260100000002,0.17071568000000045,183.47943921000007,21.094060000000013,343.29267449354495,5315,35.52248353715898,4.320037629350893,14.277868297271816,2.883730950141113,0.23668861712135467,495,38.977777777777774,5.751515151515152,18.04517171717172,2.9459797979797986,0.3090909090909091,107,204.1214953271028,0.5514018691588785,5.717663551401872,0.37383177570093457,0.19626168224299065,755,73.25562913907285,12.202649006622517,18.71810596026491,1.1739072847682122,0.22251655629139072,148,41.04054054054054,8.79054054054054,19.84709459459459,3.5164189189189186,0.20270270270270271,0,6820,6820,0,0,0,0,0,0,0,0,0,1528,0,0,0,0,0,0,0.0,0.0,0.0,0.0,1528,62.484947643979055,0.0,6.644286649214663,0.0,2658,0,2658,34.82187358916478,300,53,353,31.930878186968833,376,379,755,18.666834437086095,73,0,73,32.620438356164385,449,379,828,19.897000000000002,3084,34.4388560311284,3084,32.515931657162824,34.61,42.471000000000004,87.12710765239949,68.77431906614785,43.45006485084306,275,239,411,8.916990920881972,96,90,62,2658,34.000551273701674,246,30.186970219566746,107,1.9373964541902935,73,31.128381514785044,755,16.913897222742655,3084,34.42746303501946,35.496,42.82379999999999,74.64332036316472,46.98443579766537,,,,,,,,,,0,0,0,0,0,0,0,0,0.0,45,no
OW_REDUCED_DR30,6820,1656.5675200001767,27.218559836918658,20.378560471293135,0.7151588465298142,5.405425219941349,0.24501466275659825,15.37097653958949,2.6980967741935546,570.500206250001,0.7831391099999978,0.13261102000000016,0.08472700000000029,0.1711351899999996,184.06518700000055,21.195199999999975,344.38693223318796,5315,35.78099717779868,4.35032925682032,14.606767638758276,2.904615239887115,0.24045155221072437,495,39.18787878787879,6.175757575757576,18.349999999999998,2.705575757575758,0.31313131313131315,107,204.0467289719626,0.5327102803738317,5.698130841121496,0.40186915887850466,0.17757009345794392,755,72.9205298013245,12.291390728476822,19.112887417218555,1.342119205298013,0.23576158940397351,148,41.763513513513516,9.114864864864865,20.756148648648647,3.833986486486486,0.27702702702702703,0,6820,6820,0,0,0,0,0,0,0,0,0,1528,0,0,0,0,0,0,0.0,0.0,0.0,0.0,1528,62.34096858638743,0.0,6.5955431937172735,0.0,2658,0,2658,34.828835214446954,300,53,353,32.05325779036827,376,379,755,18.880307284768215,73,0,73,31.957643835616445,449,379,828,20.03360869565217,3084,34.44317509727627,3084,32.48264137436376,34.66,42.14709642857142,86.57587548638132,70.10376134889754,43.060959792477306,304,265,387,9.857328145265889,105,99,79,2658,33.92789941629481,246,30.667815249226077,107,1.9284650562358587,73,30.760014215060096,755,17.005059237608144,3084,34.441715953307394,35.19,42.552,75.03242542153048,45.91439688715953,,,,,,,,,,0,0,0,0,0,0,0,0,0.0,46,no
